timestamp_utc,state,variant,count,stock_numbers
2026-09-02 01:24:25 UTC,ACT,Premium,6,8104497;8104498;8104500;8106202;8106257;8106259
2026-09-02 01:24:25 UTC,NSW,Dynamic,5,8104475;8104476;8104477;8106264;8106271;8106272;8111326;8111327;8111328;8111329;8111330
2026-09-02 01:24:25 UTC,NSW,Premium,6,8104475;8104476;8104477;8106264;8106271;8106272;8111326;8111327;8111328;8111329;8111330
2026-09-02 01:24:25 UTC,NT,Premium,1,8097746
2026-09-02 01:24:25 UTC,QLD,Dynamic,14,8093961;8093964;8093965;8093972;8095962;8095963;8100339;8100341;8100342;8100393;8101205;8101776;8101984;8104527;8104528;8104529;8104563;8104895;8105778;8106970;8107227;8108096;8108404;8108406;8108407;8108421;8108422;8108453;8108454;8110125
2026-09-02 01:24:25 UTC,QLD,Premium,16,8093961;8093964;8093965;8093972;8095962;8095963;8100339;8100341;8100342;8100393;8101205;8101776;8101984;8104527;8104528;8104529;8104563;8104895;8105778;8106970;8107227;8108096;8108404;8108406;8108407;8108421;8108422;8108453;8108454;8110125
2026-09-02 01:24:25 UTC,SA,Dynamic,3,8103295;8104046;8104048;8104052;8104053;8104054;8106518;8106519;8106520;8107479;8107480;8107481;8107487;8107525;8107538;8107539;8107544;8107656;8107657;8107658;8110503;8110505;8110506
2026-09-02 01:24:25 UTC,SA,Premium,20,8103295;8104046;8104048;8104052;8104053;8104054;8106518;8106519;8106520;8107479;8107480;8107481;8107487;8107525;8107538;8107539;8107544;8107656;8107657;8107658;8110503;8110505;8110506
2026-09-02 01:24:25 UTC,TAS,Dynamic,2,8071277;8085151;8085153;8085154;8086607;8086614;8086617;8086618;8086635;8088128;8091549;8094846;8108897
2026-09-02 01:24:25 UTC,TAS,Premium,11,8071277;8085151;8085153;8085154;8086607;8086614;8086617;8086618;8086635;8088128;8091549;8094846;8108897
2026-09-02 01:24:25 UTC,VIC,Dynamic,19,8086548;8086549;8086550;8086559;8086561;8086563;8086567;8088020;8088032;8088080;8088102;8088786;8089056;8089190;8089191;8089192;8089193;8090033;8090037;8090039;8090040;8090661;8090662;8095112;8095910;8096069;8096070;8096072;8096119;8102592;8107925;8108788;8108789;8108790;8108894;8108895;8108925;8108926;8108928;8108929;8108936;8108937;8111405;8111406;8111407;8111423;8111424;8111661
2026-09-02 01:24:25 UTC,VIC,Premium,29,8086548;8086549;8086550;8086559;8086561;8086563;8086567;8088020;8088032;8088080;8088102;8088786;8089056;8089190;8089191;8089192;8089193;8090033;8090037;8090039;8090040;8090661;8090662;8095112;8095910;8096069;8096070;8096072;8096119;8102592;8107925;8108788;8108789;8108790;8108894;8108895;8108925;8108926;8108928;8108929;8108936;8108937;8111405;8111406;8111407;8111423;8111424;8111661
2026-09-02 01:24:25 UTC,WA,Premium,10,8103758;8103763;8103767;8103769;8103832;8103834;8103838;8105162;8105167;8111615
2026-09-02 01:31:44 UTC,ACT,Premium,6,8104497;8104498;8104500;8106202;8106257;8106259
2026-09-02 01:31:44 UTC,NSW,Dynamic,5,8104475;8104476;8104477;8106264;8106271;8106272;8111326;8111327;8111328;8111329;8111330
2026-09-02 01:31:44 UTC,NSW,Premium,6,8104475;8104476;8104477;8106264;8106271;8106272;8111326;8111327;8111328;8111329;8111330
2026-09-02 01:31:44 UTC,NT,Premium,1,8097746
2026-09-02 01:31:44 UTC,QLD,Dynamic,14,8093961;8093964;8093965;8093972;8095962;8095963;8100339;8100341;8100342;8100393;8101205;8101776;8101984;8104527;8104528;8104529;8104563;8104895;8105778;8106970;8107227;8108096;8108404;8108406;8108407;8108421;8108422;8108453;8108454;8110125
2026-09-02 01:31:44 UTC,QLD,Premium,16,8093961;8093964;8093965;8093972;8095962;8095963;8100339;8100341;8100342;8100393;8101205;8101776;8101984;8104527;8104528;8104529;8104563;8104895;8105778;8106970;8107227;8108096;8108404;8108406;8108407;8108421;8108422;8108453;8108454;8110125
2026-09-02 01:31:44 UTC,SA,Dynamic,3,8103295;8104046;8104048;8104052;8104053;8104054;8106518;8106519;8106520;8107479;8107480;8107481;8107485;8107525;8107538;8107539;8107544;8107656;8107657;8107658;8110503;8110505;8110506
2026-09-02 01:31:44 UTC,SA,Premium,20,8103295;8104046;8104048;8104052;8104053;8104054;8106518;8106519;8106520;8107479;8107480;8107481;8107485;8107525;8107538;8107539;8107544;8107656;8107657;8107658;8110503;8110505;8110506
2026-09-02 01:31:44 UTC,TAS,Dynamic,2,8071277;8085151;8085153;8085154;8086607;8086614;8086617;8086618;8086635;8088128;8091549;8094846;8108897
2026-09-02 01:31:44 UTC,TAS,Premium,11,8071277;8085151;8085153;8085154;8086607;8086614;8086617;8086618;8086635;8088128;8091549;8094846;8108897
2026-09-02 01:31:44 UTC,VIC,Dynamic,19,8086391;8086548;8086549;8086550;8086559;8086561;8086563;8086567;8088020;8088032;8088080;8088102;8088786;8089056;8089190;8089191;8089192;8089193;8090033;8090037;8090039;8090040;8090661;8090662;8095112;8095910;8096069;8096070;8096072;8096119;8102592;8107925;8108788;8108789;8108790;8108894;8108895;8108925;8108926;8108928;8108929;8108936;8108937;8111405;8111406;8111407;8111423;8111424;8111661
2026-09-02 01:31:44 UTC,VIC,Premium,30,8086391;8086548;8086549;8086550;8086559;8086561;8086563;8086567;8088020;8088032;8088080;8088102;8088786;8089056;8089190;8089191;8089192;8089193;8090033;8090037;8090039;8090040;8090661;8090662;8095112;8095910;8096069;8096070;8096072;8096119;8102592;8107925;8108788;8108789;8108790;8108894;8108895;8108925;8108926;8108928;8108929;8108936;8108937;8111405;8111406;8111407;8111423;8111424;8111661
2026-09-02 01:31:44 UTC,WA,Premium,10,8103758;8103763;8103767;8103769;8103832;8103834;8103838;8105162;8105167;8111615
2026-09-02 01:31:48 UTC,ACT,Premium,6,8104497;8104498;8104500;8106202;8106257;8106259
2026-09-02 01:31:48 UTC,NSW,Dynamic,5,8104475;8104476;8104477;8106264;8106271;8106272;8111326;8111327;8111328;8111329;8111330
2026-09-02 01:31:48 UTC,NSW,Premium,6,8104475;8104476;8104477;8106264;8106271;8106272;8111326;8111327;8111328;8111329;8111330
2026-09-02 01:31:48 UTC,NT,Premium,1,8097746
2026-09-02 01:31:48 UTC,QLD,Dynamic,14,8093961;8093964;8093965;8093972;8095962;8095963;8100339;8100341;8100342;8100393;8101205;8101776;8101984;8104527;8104528;8104529;8104563;8104895;8105778;8106970;8107227;8108096;8108404;8108406;8108407;8108421;8108422;8108453;8108454;8110125
2026-09-02 01:31:48 UTC,QLD,Premium,16,8093961;8093964;8093965;8093972;8095962;8095963;8100339;8100341;8100342;8100393;8101205;8101776;8101984;8104527;8104528;8104529;8104563;8104895;8105778;8106970;8107227;8108096;8108404;8108406;8108407;8108421;8108422;8108453;8108454;8110125
2026-09-02 01:31:48 UTC,SA,Dynamic,3,8103295;8104046;8104048;8104052;8104053;8104054;8106518;8106519;8106520;8107479;8107480;8107481;8107485;8107525;8107538;8107539;8107544;8107656;8107657;8107658;8110503;8110505;8110506
2026-09-02 01:31:48 UTC,SA,Premium,20,8103295;8104046;8104048;8104052;8104053;8104054;8106518;8106519;8106520;8107479;8107480;8107481;8107485;8107525;8107538;8107539;8107544;8107656;8107657;8107658;8110503;8110505;8110506
2026-09-02 01:31:48 UTC,TAS,Dynamic,2,8071277;8085151;8085153;8085154;8086607;8086614;8086617;8086618;8086635;8088128;8091549;8094846;8108897
2026-09-02 01:31:48 UTC,TAS,Premium,11,8071277;8085151;8085153;8085154;8086607;8086614;8086617;8086618;8086635;8088128;8091549;8094846;8108897
2026-09-02 01:31:48 UTC,VIC,Dynamic,19,8086391;8086548;8086549;8086550;8086559;8086561;8086563;8086567;8088020;8088032;8088080;8088102;8088786;8089056;8089190;8089191;8089192;8089193;8090033;8090037;8090039;8090040;8090661;8090662;8095112;8095910;8096069;8096070;8096072;8096119;8102592;8107925;8108788;8108789;8108790;8108894;8108895;8108925;8108926;8108928;8108929;8108936;8108937;8111405;8111406;8111407;8111423;8111424;8111661
2026-09-02 01:31:48 UTC,VIC,Premium,30,8086391;8086548;8086549;8086550;8086559;8086561;8086563;8086567;8088020;8088032;8088080;8088102;8088786;8089056;8089190;8089191;8089192;8089193;8090033;8090037;8090039;8090040;8090661;8090662;8095112;8095910;8096069;8096070;8096072;8096119;8102592;8107925;8108788;8108789;8108790;8108894;8108895;8108925;8108926;8108928;8108929;8108936;8108937;8111405;8111406;8111407;8111423;8111424;8111661
2026-09-02 01:31:48 UTC,WA,Premium,10,8103758;8103763;8103767;8103769;8103832;8103834;8103838;8105162;8105167;8111615
2026-09-02 01:40:10 UTC,ACT,Premium,6,8104497;8104498;8104500;8106202;8106257;8106259
2026-09-02 01:40:10 UTC,NSW,Dynamic,5,8104475;8104476;8104477;8106264;8106271;8106272;8111326;8111327;8111328;8111329;8111330
2026-09-02 01:40:10 UTC,NSW,Premium,6,8104475;8104476;8104477;8106264;8106271;8106272;8111326;8111327;8111328;8111329;8111330
2026-09-02 01:40:10 UTC,NT,Premium,1,8097746
2026-09-02 01:40:10 UTC,QLD,Dynamic,14,8093961;8093964;8093965;8093972;8095962;8095963;8100339;8100341;8100342;8100393;8101205;8101776;8101984;8104527;8104528;8104529;8104563;8104895;8105778;8106970;8107227;8108096;8108404;8108406;8108407;8108421;8108422;8108453;8108454;8110125
2026-09-02 01:40:10 UTC,QLD,Premium,16,8093961;8093964;8093965;8093972;8095962;8095963;8100339;8100341;8100342;8100393;8101205;8101776;8101984;8104527;8104528;8104529;8104563;8104895;8105778;8106970;8107227;8108096;8108404;8108406;8108407;8108421;8108422;8108453;8108454;8110125
2026-09-02 01:40:10 UTC,SA,Dynamic,3,8103295;8104046;8104048;8104052;8104053;8104054;8106518;8106519;8106520;8107479;8107480;8107481;8107485;8107525;8107538;8107539;8107544;8107656;8107657;8107658;8110503;8110505;8110506
2026-09-02 01:40:10 UTC,SA,Premium,20,8103295;8104046;8104048;8104052;8104053;8104054;8106518;8106519;8106520;8107479;8107480;8107481;8107485;8107525;8107538;8107539;8107544;8107656;8107657;8107658;8110503;8110505;8110506
2026-09-02 01:40:10 UTC,TAS,Dynamic,2,8071277;8085151;8085153;8085154;8086607;8086614;8086617;8086618;8086635;8088128;8091549;8094846;8108897
2026-09-02 01:40:10 UTC,TAS,Premium,11,8071277;8085151;8085153;8085154;8086607;8086614;8086617;8086618;8086635;8088128;8091549;8094846;8108897
2026-09-02 01:40:10 UTC,VIC,Dynamic,19,8086391;8086548;8086549;8086550;8086559;8086561;8086563;8086567;8088020;8088032;8088080;8088102;8088786;8089056;8089190;8089191;8089192;8089193;8090033;8090037;8090039;8090040;8090661;8090662;8095112;8095910;8096069;8096070;8096072;8096119;8102592;8107925;8108788;8108789;8108790;8108894;8108895;8108925;8108926;8108928;8108929;8108936;8108937;8111405;8111406;8111407;8111423;8111424;8111661
2026-09-02 01:40:10 UTC,VIC,Premium,30,8086391;8086548;8086549;8086550;8086559;8086561;8086563;8086567;8088020;8088032;8088080;8088102;8088786;8089056;8089190;8089191;8089192;8089193;8090033;8090037;8090039;8090040;8090661;8090662;8095112;8095910;8096069;8096070;8096072;8096119;8102592;8107925;8108788;8108789;8108790;8108894;8108895;8108925;8108926;8108928;8108929;8108936;8108937;8111405;8111406;8111407;8111423;8111424;8111661
2026-09-02 01:40:10 UTC,WA,Premium,10,8103758;8103763;8103767;8103769;8103832;8103834;8103838;8105162;8105167;8111615
2026-09-02 01:51:52 UTC,ACT,Premium,6,8104497;8104498;8104500;8106202;8106257;8106259
2026-09-02 01:51:52 UTC,NSW,Dynamic,5,8104475;8104476;8104477;8106264;8106271;8106272;8111326;8111327;8111328;8111329;8111330
2026-09-02 01:51:52 UTC,NSW,Premium,6,8104475;8104476;8104477;8106264;8106271;8106272;8111326;8111327;8111328;8111329;8111330
2026-09-02 01:51:52 UTC,NT,Premium,1,8097746
2026-09-02 01:51:52 UTC,QLD,Dynamic,14,8093961;8093964;8093965;8093972;8095962;8095963;8100339;8100341;8100342;8100393;8101205;8101776;8101984;8104527;8104528;8104529;8104563;8104895;8105778;8106970;8107227;8108096;8108404;8108406;8108407;8108421;8108422;8108453;8108454;8110125
2026-09-02 01:51:52 UTC,QLD,Premium,16,8093961;8093964;8093965;8093972;8095962;8095963;8100339;8100341;8100342;8100393;8101205;8101776;8101984;8104527;8104528;8104529;8104563;8104895;8105778;8106970;8107227;8108096;8108404;8108406;8108407;8108421;8108422;8108453;8108454;8110125
2026-09-02 01:51:52 UTC,SA,Dynamic,3,8103295;8104046;8104048;8104052;8104053;8104054;8106518;8106519;8106520;8107479;8107480;8107481;8107485;8107525;8107538;8107539;8107544;8107656;8107657;8107658;8110503;8110505;8110506
2026-09-02 01:51:52 UTC,SA,Premium,20,8103295;8104046;8104048;8104052;8104053;8104054;8106518;8106519;8106520;8107479;8107480;8107481;8107485;8107525;8107538;8107539;8107544;8107656;8107657;8107658;8110503;8110505;8110506
2026-09-02 01:51:52 UTC,TAS,Dynamic,2,8071277;8085151;8085153;8085154;8086607;8086614;8086617;8086618;8086635;8088128;8091549;8094846;8108897
2026-09-02 01:51:52 UTC,TAS,Premium,11,8071277;8085151;8085153;8085154;8086607;8086614;8086617;8086618;8086635;8088128;8091549;8094846;8108897
2026-09-02 01:51:52 UTC,VIC,Dynamic,19,8086391;8086548;8086549;8086550;8086559;8086561;8086563;8086567;8088020;8088032;8088080;8088102;8088786;8089056;8089190;8089191;8089192;8089193;8090033;8090037;8090039;8090040;8090661;8090662;8095112;8095910;8096069;8096070;8096072;8096119;8102592;8107925;8108218;8108788;8108789;8108790;8108894;8108895;8108917;8108925;8108926;8108928;8108929;8108936;8108937;8111405;8111406;8111407;8111423;8111424;8111661
2026-09-02 01:51:52 UTC,VIC,Premium,32,8086391;8086548;8086549;8086550;8086559;8086561;8086563;8086567;8088020;8088032;8088080;8088102;8088786;8089056;8089190;8089191;8089192;8089193;8090033;8090037;8090039;8090040;8090661;8090662;8095112;8095910;8096069;8096070;8096072;8096119;8102592;8107925;8108218;8108788;8108789;8108790;8108894;8108895;8108917;8108925;8108926;8108928;8108929;8108936;8108937;8111405;8111406;8111407;8111423;8111424;8111661
2026-09-02 01:51:52 UTC,WA,Premium,10,8103758;8103763;8103767;8103769;8103832;8103834;8103838;8105162;8105167;8111615
2026-09-02 02:01:58 UTC,ACT,Premium,6,8104497;8104498;8104500;8106202;8106257;8106259
2026-09-02 02:01:58 UTC,NSW,Dynamic,5,8104475;8104476;8104477;8106264;8106271;8106272;8111326;8111327;8111328;8111329;8111330
2026-09-02 02:01:58 UTC,NSW,Premium,6,8104475;8104476;8104477;8106264;8106271;8106272;8111326;8111327;8111328;8111329;8111330
2026-09-02 02:01:58 UTC,NT,Premium,1,8097746
2026-09-02 02:01:58 UTC,QLD,Dynamic,14,8093961;8093964;8093965;8093972;8095962;8095963;8100339;8100341;8100342;8100393;8101205;8101776;8101984;8104527;8104528;8104529;8104563;8104895;8105778;8106970;8107227;8108096;8108404;8108406;8108407;8108421;8108422;8108453;8108454;8110125
2026-09-02 02:01:58 UTC,QLD,Premium,16,8093961;8093964;8093965;8093972;8095962;8095963;8100339;8100341;8100342;8100393;8101205;8101776;8101984;8104527;8104528;8104529;8104563;8104895;8105778;8106970;8107227;8108096;8108404;8108406;8108407;8108421;8108422;8108453;8108454;8110125
2026-09-02 02:01:58 UTC,SA,Dynamic,3,8103295;8104046;8104048;8104052;8104053;8104054;8106518;8106519;8106520;8107479;8107480;8107481;8107485;8107525;8107538;8107539;8107544;8107656;8107657;8107658;8110503;8110505;8110506
2026-09-02 02:01:58 UTC,SA,Premium,20,8103295;8104046;8104048;8104052;8104053;8104054;8106518;8106519;8106520;8107479;8107480;8107481;8107485;8107525;8107538;8107539;8107544;8107656;8107657;8107658;8110503;8110505;8110506
2026-09-02 02:01:58 UTC,TAS,Dynamic,2,8071277;8085151;8085153;8085154;8086607;8086614;8086617;8086618;8086635;8088128;8091549;8094846;8108897
2026-09-02 02:01:58 UTC,TAS,Premium,11,8071277;8085151;8085153;8085154;8086607;8086614;8086617;8086618;8086635;8088128;8091549;8094846;8108897
2026-09-02 02:01:58 UTC,VIC,Dynamic,19,8086391;8086548;8086549;8086550;8086559;8086561;8086563;8086567;8088020;8088032;8088080;8088102;8088786;8089056;8089190;8089191;8089192;8089193;8090033;8090037;8090039;8090040;8090661;8090662;8095112;8095910;8096069;8096070;8096072;8096119;8102592;8107925;8108218;8108788;8108789;8108790;8108894;8108895;8108917;8108925;8108926;8108928;8108929;8108936;8108937;8111405;8111406;8111407;8111423;8111424;8111661
2026-09-02 02:01:58 UTC,VIC,Premium,32,8086391;8086548;8086549;8086550;8086559;8086561;8086563;8086567;8088020;8088032;8088080;8088102;8088786;8089056;8089190;8089191;8089192;8089193;8090033;8090037;8090039;8090040;8090661;8090662;8095112;8095910;8096069;8096070;8096072;8096119;8102592;8107925;8108218;8108788;8108789;8108790;8108894;8108895;8108917;8108925;8108926;8108928;8108929;8108936;8108937;8111405;8111406;8111407;8111423;8111424;8111661
2026-09-02 02:01:58 UTC,WA,Premium,10,8103758;8103763;8103767;8103769;8103832;8103834;8103838;8105162;8105167;8111615
2026-09-02 02:12:02 UTC,ACT,Premium,6,8104497;8104498;8104500;8106202;8106257;8106259
2026-09-02 02:12:02 UTC,NSW,Dynamic,5,8104475;8104476;8104477;8106264;8106271;8106272;8111326;8111327;8111328;8111329;8111330
2026-09-02 02:12:02 UTC,NSW,Premium,6,8104475;8104476;8104477;8106264;8106271;8106272;8111326;8111327;8111328;8111329;8111330
2026-09-02 02:12:02 UTC,NT,Premium,1,8097746
2026-09-02 02:12:02 UTC,QLD,Dynamic,14,8093961;8093964;8093965;8093972;8095962;8095963;8100339;8100341;8100342;8100393;8101205;8101776;8101984;8104527;8104528;8104529;8104563;8104895;8105778;8106970;8107227;8108096;8108404;8108406;8108407;8108421;8108422;8108453;8108454;8110125
2026-09-02 02:12:02 UTC,QLD,Premium,16,8093961;8093964;8093965;8093972;8095962;8095963;8100339;8100341;8100342;8100393;8101205;8101776;8101984;8104527;8104528;8104529;8104563;8104895;8105778;8106970;8107227;8108096;8108404;8108406;8108407;8108421;8108422;8108453;8108454;8110125
2026-09-02 02:12:02 UTC,SA,Dynamic,3,8103295;8104046;8104048;8104052;8104053;8104054;8106518;8106519;8106520;8107479;8107480;8107481;8107485;8107525;8107538;8107539;8107544;8107656;8107657;8107658;8110503;8110505;8110506
2026-09-02 02:12:02 UTC,SA,Premium,20,8103295;8104046;8104048;8104052;8104053;8104054;8106518;8106519;8106520;8107479;8107480;8107481;8107485;8107525;8107538;8107539;8107544;8107656;8107657;8107658;8110503;8110505;8110506
2026-09-02 02:12:02 UTC,TAS,Dynamic,2,8071277;8085151;8085153;8085154;8086607;8086614;8086617;8086618;8086635;8088128;8091549;8094846;8108897
2026-09-02 02:12:02 UTC,TAS,Premium,11,8071277;8085151;8085153;8085154;8086607;8086614;8086617;8086618;8086635;8088128;8091549;8094846;8108897
2026-09-02 02:12:02 UTC,VIC,Dynamic,19,8086391;8086548;8086549;8086550;8086559;8086561;8086563;8086567;8088020;8088032;8088080;8088102;8088786;8089056;8089190;8089191;8089192;8089193;8090033;8090037;8090039;8090040;8090661;8090662;8095112;8095910;8096069;8096070;8096072;8096119;8102592;8107925;8108218;8108788;8108789;8108790;8108894;8108895;8108917;8108925;8108926;8108928;8108929;8108936;8108937;8111405;8111406;8111407;8111423;8111424;8111661
2026-09-02 02:12:02 UTC,VIC,Premium,32,8086391;8086548;8086549;8086550;8086559;8086561;8086563;8086567;8088020;8088032;8088080;8088102;8088786;8089056;8089190;8089191;8089192;8089193;8090033;8090037;8090039;8090040;8090661;8090662;8095112;8095910;8096069;8096070;8096072;8096119;8102592;8107925;8108218;8108788;8108789;8108790;8108894;8108895;8108917;8108925;8108926;8108928;8108929;8108936;8108937;8111405;8111406;8111407;8111423;8111424;8111661
2026-09-02 02:12:02 UTC,WA,Premium,10,8103758;8103763;8103767;8103769;8103832;8103834;8103838;8105162;8105167;8111615
2026-09-02 02:22:06 UTC,ACT,Premium,6,8104497;8104498;8104500;8106202;8106257;8106259
2026-09-02 02:22:06 UTC,NSW,Dynamic,5,8104475;8104476;8104477;8106264;8106271;8106272;8111326;8111327;8111328;8111329;8111330
2026-09-02 02:22:06 UTC,NSW,Premium,6,8104475;8104476;8104477;8106264;8106271;8106272;8111326;8111327;8111328;8111329;8111330
2026-09-02 02:22:06 UTC,NT,Premium,1,8097746
2026-09-02 02:22:06 UTC,QLD,Dynamic,14,8093961;8093964;8093965;8093972;8095962;8095963;8100339;8100341;8100342;8100393;8101205;8101776;8101984;8104527;8104528;8104529;8104563;8104895;8105778;8106970;8107227;8108096;8108404;8108406;8108407;8108421;8108422;8108453;8108454;8110125
2026-09-02 02:22:06 UTC,QLD,Premium,16,8093961;8093964;8093965;8093972;8095962;8095963;8100339;8100341;8100342;8100393;8101205;8101776;8101984;8104527;8104528;8104529;8104563;8104895;8105778;8106970;8107227;8108096;8108404;8108406;8108407;8108421;8108422;8108453;8108454;8110125
2026-09-02 02:22:06 UTC,SA,Dynamic,3,8103295;8104046;8104048;8104052;8104053;8104054;8106518;8106519;8106520;8107479;8107480;8107481;8107485;8107525;8107538;8107539;8107544;8107656;8107657;8107658;8110503;8110505;8110506
2026-09-02 02:22:06 UTC,SA,Premium,20,8103295;8104046;8104048;8104052;8104053;8104054;8106518;8106519;8106520;8107479;8107480;8107481;8107485;8107525;8107538;8107539;8107544;8107656;8107657;8107658;8110503;8110505;8110506
2026-09-02 02:22:06 UTC,TAS,Dynamic,2,8071277;8085151;8085153;8085154;8086607;8086614;8086617;8086618;8086635;8088128;8091549;8094846;8108897
2026-09-02 02:22:06 UTC,TAS,Premium,11,8071277;8085151;8085153;8085154;8086607;8086614;8086617;8086618;8086635;8088128;8091549;8094846;8108897
2026-09-02 02:22:06 UTC,VIC,Dynamic,19,8086391;8086548;8086549;8086550;8086559;8086561;8086563;8086567;8088020;8088032;8088080;8088102;8088786;8089056;8089190;8089191;8089192;8089193;8090033;8090037;8090039;8090040;8090661;8090662;8095112;8095910;8096069;8096070;8096072;8096119;8102592;8107925;8108218;8108788;8108789;8108790;8108894;8108895;8108917;8108925;8108926;8108928;8108929;8108936;8108937;8111405;8111406;8111407;8111423;8111424;8111661
2026-09-02 02:22:06 UTC,VIC,Premium,32,8086391;8086548;8086549;8086550;8086559;8086561;8086563;8086567;8088020;8088032;8088080;8088102;8088786;8089056;8089190;8089191;8089192;8089193;8090033;8090037;8090039;8090040;8090661;8090662;8095112;8095910;8096069;8096070;8096072;8096119;8102592;8107925;8108218;8108788;8108789;8108790;8108894;8108895;8108917;8108925;8108926;8108928;8108929;8108936;8108937;8111405;8111406;8111407;8111423;8111424;8111661
2026-09-02 02:22:06 UTC,WA,Premium,10,8103758;8103763;8103767;8103769;8103832;8103834;8103838;8105162;8105167;8111615
2026-09-02 02:32:10 UTC,ACT,Premium,6,8104497;8104498;8104500;8106202;8106257;8106259
2026-09-02 02:32:10 UTC,NSW,Dynamic,5,8104475;8104476;8104477;8106264;8106271;8106272;8111326;8111327;8111328;8111329;8111330
2026-09-02 02:32:10 UTC,NSW,Premium,6,8104475;8104476;8104477;8106264;8106271;8106272;8111326;8111327;8111328;8111329;8111330
2026-09-02 02:32:10 UTC,NT,Premium,1,8097746
2026-09-02 02:32:10 UTC,QLD,Dynamic,14,8093961;8093964;8093965;8093972;8095962;8095963;8100339;8100341;8100342;8100393;8101205;8101776;8101984;8104527;8104528;8104529;8104563;8104895;8105778;8106970;8107227;8108096;8108404;8108406;8108407;8108421;8108422;8108453;8108454;8110125
2026-09-02 02:32:10 UTC,QLD,Premium,16,8093961;8093964;8093965;8093972;8095962;8095963;8100339;8100341;8100342;8100393;8101205;8101776;8101984;8104527;8104528;8104529;8104563;8104895;8105778;8106970;8107227;8108096;8108404;8108406;8108407;8108421;8108422;8108453;8108454;8110125
2026-09-02 02:32:10 UTC,SA,Dynamic,3,8103295;8104046;8104048;8104052;8104053;8104054;8106518;8106519;8106520;8107479;8107480;8107481;8107485;8107525;8107538;8107539;8107544;8107656;8107657;8107658;8110503;8110505;8110506
2026-09-02 02:32:10 UTC,SA,Premium,20,8103295;8104046;8104048;8104052;8104053;8104054;8106518;8106519;8106520;8107479;8107480;8107481;8107485;8107525;8107538;8107539;8107544;8107656;8107657;8107658;8110503;8110505;8110506
2026-09-02 02:32:10 UTC,TAS,Dynamic,2,8071277;8085151;8085153;8085154;8086607;8086614;8086617;8086618;8086635;8088128;8091549;8094846;8108897
2026-09-02 02:32:10 UTC,TAS,Premium,11,8071277;8085151;8085153;8085154;8086607;8086614;8086617;8086618;8086635;8088128;8091549;8094846;8108897
2026-09-02 02:32:10 UTC,VIC,Dynamic,19,8086391;8086548;8086549;8086550;8086559;8086561;8086563;8086567;8088020;8088032;8088080;8088102;8088786;8089056;8089190;8089191;8089192;8089193;8090033;8090037;8090039;8090040;8090661;8090662;8095112;8095910;8096069;8096070;8096072;8096119;8102592;8107925;8108218;8108788;8108789;8108790;8108894;8108895;8108917;8108925;8108926;8108928;8108929;8108936;8108937;8111405;8111406;8111407;8111423;8111424;8111661
2026-09-02 02:32:10 UTC,VIC,Premium,32,8086391;8086548;8086549;8086550;8086559;8086561;8086563;8086567;8088020;8088032;8088080;8088102;8088786;8089056;8089190;8089191;8089192;8089193;8090033;8090037;8090039;8090040;8090661;8090662;8095112;8095910;8096069;8096070;8096072;8096119;8102592;8107925;8108218;8108788;8108789;8108790;8108894;8108895;8108917;8108925;8108926;8108928;8108929;8108936;8108937;8111405;8111406;8111407;8111423;8111424;8111661
2026-09-02 02:32:10 UTC,WA,Premium,10,8103758;8103763;8103767;8103769;8103832;8103834;8103838;8105162;8105167;8111615
2026-09-02 02:42:13 UTC,ACT,Premium,6,8104497;8104498;8104500;8106202;8106257;8106259
2026-09-02 02:42:13 UTC,NSW,Dynamic,5,8104475;8104476;8104477;8106264;8106271;8106272;8111326;8111327;8111328;8111329;8111330
2026-09-02 02:42:13 UTC,NSW,Premium,6,8104475;8104476;8104477;8106264;8106271;8106272;8111326;8111327;8111328;8111329;8111330
2026-09-02 02:42:13 UTC,NT,Premium,1,8097746
2026-09-02 02:42:13 UTC,QLD,Dynamic,14,8093961;8093964;8093965;8093972;8095962;8095963;8100339;8100341;8100342;8100393;8101205;8101776;8101984;8104527;8104528;8104529;8104563;8104895;8105778;8106970;8107227;8108096;8108404;8108406;8108407;8108421;8108422;8108453;8108454;8110125
2026-09-02 02:42:13 UTC,QLD,Premium,16,8093961;8093964;8093965;8093972;8095962;8095963;8100339;8100341;8100342;8100393;8101205;8101776;8101984;8104527;8104528;8104529;8104563;8104895;8105778;8106970;8107227;8108096;8108404;8108406;8108407;8108421;8108422;8108453;8108454;8110125
2026-09-02 02:42:13 UTC,SA,Dynamic,3,8103295;8104046;8104048;8104052;8104053;8104054;8106518;8106519;8106520;8107479;8107480;8107481;8107485;8107525;8107538;8107539;8107544;8107656;8107657;8107658;8110503;8110505;8110506
2026-09-02 02:42:13 UTC,SA,Premium,20,8103295;8104046;8104048;8104052;8104053;8104054;8106518;8106519;8106520;8107479;8107480;8107481;8107485;8107525;8107538;8107539;8107544;8107656;8107657;8107658;8110503;8110505;8110506
2026-09-02 02:42:13 UTC,TAS,Dynamic,2,8071277;8085151;8085153;8085154;8086607;8086614;8086617;8086618;8086635;8088128;8091549;8094846;8108897
2026-09-02 02:42:13 UTC,TAS,Premium,11,8071277;8085151;8085153;8085154;8086607;8086614;8086617;8086618;8086635;8088128;8091549;8094846;8108897
2026-09-02 02:42:13 UTC,VIC,Dynamic,19,8086391;8086548;8086549;8086550;8086559;8086561;8086563;8086567;8088020;8088032;8088080;8088102;8088786;8089056;8089190;8089191;8089192;8089193;8090033;8090037;8090039;8090040;8090661;8090662;8095112;8095910;8096069;8096070;8096072;8096119;8102592;8107925;8108218;8108788;8108789;8108790;8108894;8108895;8108917;8108925;8108926;8108928;8108929;8108936;8108937;8111405;8111406;8111407;8111423;8111424;8111661
2026-09-02 02:42:13 UTC,VIC,Premium,32,8086391;8086548;8086549;8086550;8086559;8086561;8086563;8086567;8088020;8088032;8088080;8088102;8088786;8089056;8089190;8089191;8089192;8089193;8090033;8090037;8090039;8090040;8090661;8090662;8095112;8095910;8096069;8096070;8096072;8096119;8102592;8107925;8108218;8108788;8108789;8108790;8108894;8108895;8108917;8108925;8108926;8108928;8108929;8108936;8108937;8111405;8111406;8111407;8111423;8111424;8111661
2026-09-02 02:42:13 UTC,WA,Premium,10,8103758;8103763;8103767;8103769;8103832;8103834;8103838;8105162;8105167;8111615
2026-09-02 02:52:17 UTC,ACT,Premium,6,8104497;8104498;8104500;8106202;8106257;8106259
2026-09-02 02:52:17 UTC,NSW,Dynamic,5,8104475;8104476;8104477;8106264;8106271;8106272;8111326;8111327;8111328;8111329;8111330
2026-09-02 02:52:17 UTC,NSW,Premium,6,8104475;8104476;8104477;8106264;8106271;8106272;8111326;8111327;8111328;8111329;8111330
2026-09-02 02:52:17 UTC,NT,Premium,1,8097746
2026-09-02 02:52:17 UTC,QLD,Dynamic,14,8093961;8093964;8093965;8093972;8095962;8095963;8100339;8100341;8100342;8100393;8101205;8101776;8101984;8104527;8104528;8104529;8104895;8105778;8106970;8107227;8108096;8108404;8108406;8108407;8108421;8108422;8108453;8108454;8110125
2026-09-02 02:52:17 UTC,QLD,Premium,15,8093961;8093964;8093965;8093972;8095962;8095963;8100339;8100341;8100342;8100393;8101205;8101776;8101984;8104527;8104528;8104529;8104895;8105778;8106970;8107227;8108096;8108404;8108406;8108407;8108421;8108422;8108453;8108454;8110125
2026-09-02 02:52:17 UTC,SA,Dynamic,3,8103295;8104046;8104048;8104052;8104053;8104054;8106518;8106519;8106520;8107479;8107480;8107481;8107485;8107525;8107538;8107539;8107544;8107656;8107657;8107658;8110503;8110505;8110506
2026-09-02 02:52:17 UTC,SA,Premium,20,8103295;8104046;8104048;8104052;8104053;8104054;8106518;8106519;8106520;8107479;8107480;8107481;8107485;8107525;8107538;8107539;8107544;8107656;8107657;8107658;8110503;8110505;8110506
2026-09-02 02:52:17 UTC,TAS,Dynamic,2,8071277;8085151;8085153;8085154;8086607;8086614;8086617;8086618;8086635;8088128;8091549;8094846;8108897
2026-09-02 02:52:17 UTC,TAS,Premium,11,8071277;8085151;8085153;8085154;8086607;8086614;8086617;8086618;8086635;8088128;8091549;8094846;8108897
2026-09-02 02:52:17 UTC,VIC,Dynamic,19,8086391;8086548;8086549;8086550;8086559;8086561;8086563;8086567;8088020;8088032;8088080;8088102;8088786;8089056;8089190;8089191;8089192;8089193;8090033;8090037;8090039;8090040;8090661;8090662;8095112;8095910;8096069;8096070;8096072;8096119;8102592;8107925;8108218;8108788;8108789;8108790;8108894;8108895;8108917;8108925;8108926;8108928;8108929;8108936;8108937;8111405;8111406;8111407;8111423;8111424;8111661
2026-09-02 02:52:17 UTC,VIC,Premium,32,8086391;8086548;8086549;8086550;8086559;8086561;8086563;8086567;8088020;8088032;8088080;8088102;8088786;8089056;8089190;8089191;8089192;8089193;8090033;8090037;8090039;8090040;8090661;8090662;8095112;8095910;8096069;8096070;8096072;8096119;8102592;8107925;8108218;8108788;8108789;8108790;8108894;8108895;8108917;8108925;8108926;8108928;8108929;8108936;8108937;8111405;8111406;8111407;8111423;8111424;8111661
2026-09-02 02:52:17 UTC,WA,Premium,10,8103758;8103763;8103767;8103769;8103832;8103834;8103838;8105162;8105167;8111615
2026-09-02 03:02:21 UTC,ACT,Premium,6,8104497;8104498;8104500;8106202;8106257;8106259
2026-09-02 03:02:21 UTC,NSW,Dynamic,5,8104475;8104476;8104477;8106264;8106271;8106272;8111326;8111327;8111328;8111329;8111330
2026-09-02 03:02:21 UTC,NSW,Premium,6,8104475;8104476;8104477;8106264;8106271;8106272;8111326;8111327;8111328;8111329;8111330
2026-09-02 03:02:21 UTC,NT,Premium,1,8097746
2026-09-02 03:02:21 UTC,QLD,Dynamic,14,8093961;8093964;8093965;8093972;8095962;8095963;8100339;8100341;8100342;8100393;8101205;8101776;8101984;8104527;8104528;8104529;8104895;8105778;8106970;8107227;8108096;8108404;8108406;8108407;8108421;8108422;8108453;8108454;8110125
2026-09-02 03:02:21 UTC,QLD,Premium,15,8093961;8093964;8093965;8093972;8095962;8095963;8100339;8100341;8100342;8100393;8101205;8101776;8101984;8104527;8104528;8104529;8104895;8105778;8106970;8107227;8108096;8108404;8108406;8108407;8108421;8108422;8108453;8108454;8110125
2026-09-02 03:02:21 UTC,SA,Dynamic,3,8103295;8104046;8104048;8104052;8104053;8104054;8106518;8106519;8106520;8107479;8107480;8107481;8107485;8107525;8107538;8107539;8107544;8107656;8107657;8107658;8110503;8110505;8110506
2026-09-02 03:02:21 UTC,SA,Premium,20,8103295;8104046;8104048;8104052;8104053;8104054;8106518;8106519;8106520;8107479;8107480;8107481;8107485;8107525;8107538;8107539;8107544;8107656;8107657;8107658;8110503;8110505;8110506
2026-09-02 03:02:21 UTC,TAS,Dynamic,2,8071277;8085151;8085153;8085154;8086607;8086614;8086617;8086618;8086635;8088128;8091549;8094846;8108897
2026-09-02 03:02:21 UTC,TAS,Premium,11,8071277;8085151;8085153;8085154;8086607;8086614;8086617;8086618;8086635;8088128;8091549;8094846;8108897
2026-09-02 03:02:21 UTC,VIC,Dynamic,19,8086391;8086548;8086549;8086550;8086559;8086561;8086563;8086567;8088020;8088032;8088080;8088102;8088786;8089056;8089190;8089191;8089192;8089193;8090033;8090037;8090039;8090040;8090661;8090662;8095112;8095910;8096069;8096070;8096072;8096119;8102592;8107925;8108218;8108788;8108789;8108790;8108894;8108895;8108917;8108925;8108926;8108928;8108929;8108936;8108937;8111405;8111406;8111407;8111423;8111424;8111661
2026-09-02 03:02:21 UTC,VIC,Premium,32,8086391;8086548;8086549;8086550;8086559;8086561;8086563;8086567;8088020;8088032;8088080;8088102;8088786;8089056;8089190;8089191;8089192;8089193;8090033;8090037;8090039;8090040;8090661;8090662;8095112;8095910;8096069;8096070;8096072;8096119;8102592;8107925;8108218;8108788;8108789;8108790;8108894;8108895;8108917;8108925;8108926;8108928;8108929;8108936;8108937;8111405;8111406;8111407;8111423;8111424;8111661
2026-09-02 03:02:21 UTC,WA,Premium,10,8103758;8103763;8103767;8103769;8103832;8103834;8103838;8105162;8105167;8111615
2026-09-02 03:12:26 UTC,ACT,Premium,6,8104497;8104498;8104500;8106202;8106257;8106259
2026-09-02 03:12:26 UTC,NSW,Dynamic,5,8104475;8104476;8104477;8106264;8106271;8106272;8111326;8111327;8111328;8111329;8111330
2026-09-02 03:12:26 UTC,NSW,Premium,6,8104475;8104476;8104477;8106264;8106271;8106272;8111326;8111327;8111328;8111329;8111330
2026-09-02 03:12:26 UTC,NT,Premium,1,8097746
2026-09-02 03:12:26 UTC,QLD,Dynamic,14,8093961;8093964;8093965;8093972;8095962;8095963;8100339;8100341;8100342;8100393;8101205;8101776;8101984;8104527;8104528;8104529;8104895;8105778;8106970;8107227;8108096;8108404;8108406;8108407;8108421;8108422;8108453;8108454;8110125
2026-09-02 03:12:26 UTC,QLD,Premium,15,8093961;8093964;8093965;8093972;8095962;8095963;8100339;8100341;8100342;8100393;8101205;8101776;8101984;8104527;8104528;8104529;8104895;8105778;8106970;8107227;8108096;8108404;8108406;8108407;8108421;8108422;8108453;8108454;8110125
2026-09-02 03:12:26 UTC,SA,Dynamic,3,8103295;8104046;8104048;8104052;8104053;8104054;8106518;8106519;8106520;8107479;8107480;8107481;8107485;8107525;8107538;8107539;8107544;8107656;8107657;8107658;8110503;8110505;8110506
2026-09-02 03:12:26 UTC,SA,Premium,20,8103295;8104046;8104048;8104052;8104053;8104054;8106518;8106519;8106520;8107479;8107480;8107481;8107485;8107525;8107538;8107539;8107544;8107656;8107657;8107658;8110503;8110505;8110506
2026-09-02 03:12:26 UTC,TAS,Dynamic,2,8071277;8085151;8085153;8085154;8086607;8086614;8086617;8086618;8086635;8088128;8091549;8094846;8108897
2026-09-02 03:12:26 UTC,TAS,Premium,11,8071277;8085151;8085153;8085154;8086607;8086614;8086617;8086618;8086635;8088128;8091549;8094846;8108897
2026-09-02 03:12:26 UTC,VIC,Dynamic,19,8086391;8086548;8086549;8086550;8086559;8086561;8086563;8086567;8088020;8088032;8088080;8088102;8088786;8089056;8089190;8089191;8089192;8089193;8090033;8090037;8090039;8090040;8090661;8090662;8095112;8095910;8096069;8096070;8096072;8096119;8102592;8107925;8108218;8108788;8108789;8108790;8108894;8108895;8108917;8108925;8108926;8108928;8108929;8108936;8108937;8111405;8111406;8111407;8111423;8111424;8111661
2026-09-02 03:12:26 UTC,VIC,Premium,32,8086391;8086548;8086549;8086550;8086559;8086561;8086563;8086567;8088020;8088032;8088080;8088102;8088786;8089056;8089190;8089191;8089192;8089193;8090033;8090037;8090039;8090040;8090661;8090662;8095112;8095910;8096069;8096070;8096072;8096119;8102592;8107925;8108218;8108788;8108789;8108790;8108894;8108895;8108917;8108925;8108926;8108928;8108929;8108936;8108937;8111405;8111406;8111407;8111423;8111424;8111661
2026-09-02 03:12:26 UTC,WA,Premium,10,8103758;8103763;8103767;8103769;8103832;8103834;8103838;8105162;8105167;8111615
2026-09-02 03:22:30 UTC,ACT,Premium,6,8104497;8104498;8104500;8106202;8106257;8106259
2026-09-02 03:22:30 UTC,NSW,Dynamic,5,8104475;8104476;8104477;8106264;8106271;8106272;8111326;8111327;8111328;8111329;8111330
2026-09-02 03:22:30 UTC,NSW,Premium,6,8104475;8104476;8104477;8106264;8106271;8106272;8111326;8111327;8111328;8111329;8111330
2026-09-02 03:22:30 UTC,NT,Premium,1,8097746
2026-09-02 03:22:30 UTC,QLD,Dynamic,14,8093961;8093964;8093965;8093972;8095962;8095963;8100339;8100341;8100342;8100393;8101205;8101776;8101984;8104527;8104528;8104529;8104895;8105778;8106970;8107227;8108096;8108404;8108406;8108407;8108421;8108422;8108453;8108454;8110125
2026-09-02 03:22:30 UTC,QLD,Premium,15,8093961;8093964;8093965;8093972;8095962;8095963;8100339;8100341;8100342;8100393;8101205;8101776;8101984;8104527;8104528;8104529;8104895;8105778;8106970;8107227;8108096;8108404;8108406;8108407;8108421;8108422;8108453;8108454;8110125
2026-09-02 03:22:30 UTC,SA,Dynamic,3,8103295;8104046;8104048;8104052;8104053;8104054;8106518;8106519;8106520;8107479;8107480;8107481;8107485;8107525;8107538;8107539;8107544;8107656;8107657;8107658;8110503;8110505;8110506
2026-09-02 03:22:30 UTC,SA,Premium,20,8103295;8104046;8104048;8104052;8104053;8104054;8106518;8106519;8106520;8107479;8107480;8107481;8107485;8107525;8107538;8107539;8107544;8107656;8107657;8107658;8110503;8110505;8110506
2026-09-02 03:22:30 UTC,TAS,Dynamic,2,8071277;8085151;8085153;8085154;8086607;8086614;8086617;8086618;8086635;8088128;8091549;8094846;8108897
2026-09-02 03:22:30 UTC,TAS,Premium,11,8071277;8085151;8085153;8085154;8086607;8086614;8086617;8086618;8086635;8088128;8091549;8094846;8108897
2026-09-02 03:22:30 UTC,VIC,Dynamic,19,8086391;8086549;8086550;8086552;8086559;8086561;8086563;8086567;8088020;8088032;8088080;8088102;8088786;8089056;8089190;8089191;8089192;8089193;8090033;8090037;8090039;8090040;8090661;8090662;8095112;8095910;8096069;8096070;8096072;8096119;8102592;8107925;8108218;8108788;8108789;8108790;8108894;8108895;8108917;8108925;8108926;8108928;8108929;8108936;8108937;8111405;8111406;8111407;8111423;8111424;8111661
2026-09-02 03:22:30 UTC,VIC,Premium,32,8086391;8086549;8086550;8086552;8086559;8086561;8086563;8086567;8088020;8088032;8088080;8088102;8088786;8089056;8089190;8089191;8089192;8089193;8090033;8090037;8090039;8090040;8090661;8090662;8095112;8095910;8096069;8096070;8096072;8096119;8102592;8107925;8108218;8108788;8108789;8108790;8108894;8108895;8108917;8108925;8108926;8108928;8108929;8108936;8108937;8111405;8111406;8111407;8111423;8111424;8111661
2026-09-02 03:22:30 UTC,WA,Premium,10,8103758;8103763;8103769;8103832;8103834;8103838;8105159;8105162;8105167;8111615
2026-09-02 03:32:33 UTC,ACT,Premium,6,8104497;8104498;8104500;8106202;8106257;8106259
2026-09-02 03:32:33 UTC,NSW,Dynamic,5,8104475;8104476;8104477;8106264;8106271;8106272;8111326;8111327;8111328;8111329;8111330
2026-09-02 03:32:33 UTC,NSW,Premium,6,8104475;8104476;8104477;8106264;8106271;8106272;8111326;8111327;8111328;8111329;8111330
2026-09-02 03:32:33 UTC,NT,Premium,1,8097746
2026-09-02 03:32:33 UTC,QLD,Dynamic,14,8093961;8093964;8093965;8093972;8095962;8095963;8100339;8100341;8100342;8100393;8101205;8101776;8101984;8104527;8104528;8104529;8104895;8105778;8106970;8107227;8108096;8108404;8108406;8108407;8108421;8108422;8108453;8108454;8110125
2026-09-02 03:32:33 UTC,QLD,Premium,15,8093961;8093964;8093965;8093972;8095962;8095963;8100339;8100341;8100342;8100393;8101205;8101776;8101984;8104527;8104528;8104529;8104895;8105778;8106970;8107227;8108096;8108404;8108406;8108407;8108421;8108422;8108453;8108454;8110125
2026-09-02 03:32:33 UTC,SA,Dynamic,3,8103295;8104046;8104048;8104052;8104053;8104054;8106518;8106519;8106520;8107479;8107480;8107481;8107485;8107525;8107538;8107539;8107544;8107656;8107657;8107658;8110503;8110505;8110506
2026-09-02 03:32:33 UTC,SA,Premium,20,8103295;8104046;8104048;8104052;8104053;8104054;8106518;8106519;8106520;8107479;8107480;8107481;8107485;8107525;8107538;8107539;8107544;8107656;8107657;8107658;8110503;8110505;8110506
2026-09-02 03:32:33 UTC,TAS,Dynamic,2,8071277;8085151;8085153;8085154;8086607;8086614;8086617;8086618;8086635;8088128;8091549;8094846;8108897
2026-09-02 03:32:33 UTC,TAS,Premium,11,8071277;8085151;8085153;8085154;8086607;8086614;8086617;8086618;8086635;8088128;8091549;8094846;8108897
2026-09-02 03:32:33 UTC,VIC,Dynamic,19,8086391;8086549;8086550;8086552;8086559;8086561;8086563;8086567;8088020;8088032;8088080;8088102;8088786;8089056;8089190;8089191;8089192;8089193;8090033;8090037;8090039;8090040;8090661;8090662;8095112;8095910;8096069;8096070;8096072;8096119;8102592;8107925;8108218;8108788;8108789;8108790;8108894;8108895;8108917;8108925;8108926;8108928;8108929;8108936;8108937;8111405;8111406;8111407;8111423;8111424;8111661
2026-09-02 03:32:33 UTC,VIC,Premium,32,8086391;8086549;8086550;8086552;8086559;8086561;8086563;8086567;8088020;8088032;8088080;8088102;8088786;8089056;8089190;8089191;8089192;8089193;8090033;8090037;8090039;8090040;8090661;8090662;8095112;8095910;8096069;8096070;8096072;8096119;8102592;8107925;8108218;8108788;8108789;8108790;8108894;8108895;8108917;8108925;8108926;8108928;8108929;8108936;8108937;8111405;8111406;8111407;8111423;8111424;8111661
2026-09-02 03:32:33 UTC,WA,Premium,10,8103758;8103763;8103769;8103832;8103834;8103838;8105159;8105162;8105167;8111615
2026-09-02 03:52:41 UTC,ACT,Premium,6,8104497;8104498;8104500;8106202;8106257;8106259
2026-09-02 03:52:41 UTC,NSW,Dynamic,5,8104475;8104476;8104477;8106264;8106271;8106272;8111326;8111327;8111328;8111329;8111330
2026-09-02 03:52:41 UTC,NSW,Premium,6,8104475;8104476;8104477;8106264;8106271;8106272;8111326;8111327;8111328;8111329;8111330
2026-09-02 03:52:41 UTC,NT,Premium,1,8097746
2026-09-02 03:52:41 UTC,QLD,Dynamic,14,8093961;8093964;8093965;8093972;8095962;8095963;8100339;8100341;8100342;8100393;8101205;8101776;8101984;8104527;8104528;8104529;8104895;8105778;8106970;8107227;8108096;8108404;8108406;8108407;8108421;8108422;8108453;8108454;8110125
2026-09-02 03:52:41 UTC,QLD,Premium,15,8093961;8093964;8093965;8093972;8095962;8095963;8100339;8100341;8100342;8100393;8101205;8101776;8101984;8104527;8104528;8104529;8104895;8105778;8106970;8107227;8108096;8108404;8108406;8108407;8108421;8108422;8108453;8108454;8110125
2026-09-02 03:52:41 UTC,SA,Dynamic,3,8103295;8104046;8104048;8104052;8104053;8104054;8106518;8106519;8106520;8107479;8107480;8107481;8107485;8107525;8107538;8107539;8107544;8107656;8107657;8107658;8110503;8110505;8110506
2026-09-02 03:52:41 UTC,SA,Premium,20,8103295;8104046;8104048;8104052;8104053;8104054;8106518;8106519;8106520;8107479;8107480;8107481;8107485;8107525;8107538;8107539;8107544;8107656;8107657;8107658;8110503;8110505;8110506
2026-09-02 03:52:41 UTC,TAS,Dynamic,2,8071277;8085151;8085153;8085154;8086607;8086614;8086617;8086618;8086635;8088128;8091549;8094846;8108897
2026-09-02 03:52:41 UTC,TAS,Premium,11,8071277;8085151;8085153;8085154;8086607;8086614;8086617;8086618;8086635;8088128;8091549;8094846;8108897
2026-09-02 03:52:41 UTC,VIC,Dynamic,19,8086391;8086549;8086550;8086552;8086559;8086561;8086563;8086567;8088020;8088032;8088080;8088102;8088786;8089056;8089190;8089191;8089192;8089193;8090033;8090037;8090039;8090040;8090661;8090662;8095112;8095910;8096069;8096070;8096072;8096119;8102592;8107925;8108218;8108788;8108789;8108790;8108894;8108895;8108917;8108925;8108926;8108928;8108929;8108936;8108937;8111405;8111406;8111407;8111423;8111424;8111661
2026-09-02 03:52:41 UTC,VIC,Premium,32,8086391;8086549;8086550;8086552;8086559;8086561;8086563;8086567;8088020;8088032;8088080;8088102;8088786;8089056;8089190;8089191;8089192;8089193;8090033;8090037;8090039;8090040;8090661;8090662;8095112;8095910;8096069;8096070;8096072;8096119;8102592;8107925;8108218;8108788;8108789;8108790;8108894;8108895;8108917;8108925;8108926;8108928;8108929;8108936;8108937;8111405;8111406;8111407;8111423;8111424;8111661
2026-09-02 03:52:41 UTC,WA,Premium,10,8103758;8103763;8103769;8103832;8103834;8103838;8105159;8105162;8105167;8111615
2026-09-02 04:02:44 UTC,ACT,Premium,6,8104497;8104498;8104500;8106202;8106257;8106259
2026-09-02 04:02:44 UTC,NSW,Dynamic,5,8104475;8104476;8104477;8106264;8106271;8106272;8111326;8111327;8111328;8111329;8111330
2026-09-02 04:02:44 UTC,NSW,Premium,6,8104475;8104476;8104477;8106264;8106271;8106272;8111326;8111327;8111328;8111329;8111330
2026-09-02 04:02:44 UTC,NT,Premium,1,8097746
2026-09-02 04:02:44 UTC,QLD,Dynamic,14,8093961;8093964;8093965;8093972;8095962;8095963;8100339;8100341;8100342;8100393;8101205;8101776;8101984;8104527;8104528;8104529;8104895;8105778;8106970;8107227;8108096;8108404;8108406;8108407;8108421;8108422;8108453;8108454;8110125
2026-09-02 04:02:44 UTC,QLD,Premium,15,8093961;8093964;8093965;8093972;8095962;8095963;8100339;8100341;8100342;8100393;8101205;8101776;8101984;8104527;8104528;8104529;8104895;8105778;8106970;8107227;8108096;8108404;8108406;8108407;8108421;8108422;8108453;8108454;8110125
2026-09-02 04:02:44 UTC,SA,Dynamic,3,8103295;8104046;8104048;8104052;8104053;8104054;8106518;8106519;8106520;8107479;8107480;8107481;8107485;8107525;8107538;8107539;8107544;8107656;8107657;8107658;8110503;8110505;8110506
2026-09-02 04:02:44 UTC,SA,Premium,20,8103295;8104046;8104048;8104052;8104053;8104054;8106518;8106519;8106520;8107479;8107480;8107481;8107485;8107525;8107538;8107539;8107544;8107656;8107657;8107658;8110503;8110505;8110506
2026-09-02 04:02:44 UTC,TAS,Dynamic,2,8071277;8085151;8085153;8085154;8086607;8086614;8086617;8086618;8086635;8088128;8091549;8094846;8108897
2026-09-02 04:02:44 UTC,TAS,Premium,11,8071277;8085151;8085153;8085154;8086607;8086614;8086617;8086618;8086635;8088128;8091549;8094846;8108897
2026-09-02 04:02:44 UTC,VIC,Dynamic,19,8086391;8086549;8086550;8086552;8086559;8086561;8086563;8086567;8088020;8088032;8088080;8088102;8088786;8089056;8089190;8089191;8089192;8089193;8090033;8090037;8090039;8090040;8090661;8090662;8095112;8095910;8096069;8096070;8096072;8096119;8102592;8107925;8108218;8108788;8108789;8108790;8108894;8108895;8108917;8108925;8108926;8108928;8108929;8108936;8108937;8111405;8111406;8111407;8111423;8111424;8111661
2026-09-02 04:02:44 UTC,VIC,Premium,32,8086391;8086549;8086550;8086552;8086559;8086561;8086563;8086567;8088020;8088032;8088080;8088102;8088786;8089056;8089190;8089191;8089192;8089193;8090033;8090037;8090039;8090040;8090661;8090662;8095112;8095910;8096069;8096070;8096072;8096119;8102592;8107925;8108218;8108788;8108789;8108790;8108894;8108895;8108917;8108925;8108926;8108928;8108929;8108936;8108937;8111405;8111406;8111407;8111423;8111424;8111661
2026-09-02 04:02:44 UTC,WA,Premium,10,8103758;8103763;8103769;8103832;8103834;8103838;8105160;8105162;8105167;8111615
2026-09-02 04:12:48 UTC,ACT,Premium,6,8104497;8104498;8104500;8106202;8106257;8106259
2026-09-02 04:12:48 UTC,NSW,Dynamic,5,8104475;8104476;8104477;8106264;8106271;8106272;8111326;8111327;8111328;8111329;8111330
2026-09-02 04:12:48 UTC,NSW,Premium,6,8104475;8104476;8104477;8106264;8106271;8106272;8111326;8111327;8111328;8111329;8111330
2026-09-02 04:12:48 UTC,NT,Premium,1,8097746
2026-09-02 04:12:48 UTC,QLD,Dynamic,14,8093961;8093964;8093965;8093972;8095962;8095963;8100339;8100341;8100342;8100393;8101205;8101776;8101984;8104527;8104528;8104529;8104895;8105778;8106970;8107227;8108096;8108404;8108406;8108407;8108421;8108422;8108453;8108454;8110125
2026-09-02 04:12:48 UTC,QLD,Premium,15,8093961;8093964;8093965;8093972;8095962;8095963;8100339;8100341;8100342;8100393;8101205;8101776;8101984;8104527;8104528;8104529;8104895;8105778;8106970;8107227;8108096;8108404;8108406;8108407;8108421;8108422;8108453;8108454;8110125
2026-09-02 04:12:48 UTC,SA,Dynamic,3,8103295;8104046;8104048;8104052;8104053;8104054;8106518;8106519;8106520;8107479;8107480;8107481;8107485;8107525;8107538;8107539;8107544;8107656;8107657;8107658;8110503;8110505;8110506
2026-09-02 04:12:48 UTC,SA,Premium,20,8103295;8104046;8104048;8104052;8104053;8104054;8106518;8106519;8106520;8107479;8107480;8107481;8107485;8107525;8107538;8107539;8107544;8107656;8107657;8107658;8110503;8110505;8110506
2026-09-02 04:12:48 UTC,TAS,Dynamic,2,8071277;8085151;8085153;8085154;8086607;8086614;8086617;8086618;8086635;8088128;8091549;8094846;8108897
2026-09-02 04:12:48 UTC,TAS,Premium,11,8071277;8085151;8085153;8085154;8086607;8086614;8086617;8086618;8086635;8088128;8091549;8094846;8108897
2026-09-02 04:12:48 UTC,VIC,Dynamic,19,8086391;8086549;8086550;8086552;8086559;8086561;8086563;8086567;8088020;8088032;8088080;8088102;8088786;8089056;8089190;8089191;8089192;8089193;8090033;8090037;8090039;8090040;8090661;8090662;8095112;8095910;8096069;8096070;8096072;8096119;8102592;8107925;8108218;8108788;8108789;8108790;8108894;8108895;8108917;8108925;8108926;8108928;8108929;8108936;8108937;8111405;8111406;8111407;8111423;8111424;8111661
2026-09-02 04:12:48 UTC,VIC,Premium,32,8086391;8086549;8086550;8086552;8086559;8086561;8086563;8086567;8088020;8088032;8088080;8088102;8088786;8089056;8089190;8089191;8089192;8089193;8090033;8090037;8090039;8090040;8090661;8090662;8095112;8095910;8096069;8096070;8096072;8096119;8102592;8107925;8108218;8108788;8108789;8108790;8108894;8108895;8108917;8108925;8108926;8108928;8108929;8108936;8108937;8111405;8111406;8111407;8111423;8111424;8111661
2026-09-02 04:12:48 UTC,WA,Premium,10,8103758;8103763;8103769;8103832;8103834;8103838;8105160;8105162;8105167;8111615
2026-09-02 04:22:52 UTC,ACT,Premium,6,8104497;8104498;8104500;8106202;8106257;8106259
2026-09-02 04:22:52 UTC,NSW,Dynamic,5,8104475;8104476;8104477;8106264;8106271;8106272;8111326;8111327;8111328;8111329;8111330
2026-09-02 04:22:52 UTC,NSW,Premium,6,8104475;8104476;8104477;8106264;8106271;8106272;8111326;8111327;8111328;8111329;8111330
2026-09-02 04:22:52 UTC,NT,Premium,1,8097746
2026-09-02 04:22:52 UTC,QLD,Dynamic,14,8093961;8093964;8093965;8093972;8095962;8095963;8100339;8100341;8100342;8100393;8101205;8101776;8101984;8104527;8104528;8104529;8104895;8105778;8106970;8107227;8108096;8108404;8108406;8108407;8108421;8108422;8108453;8108454;8110125
2026-09-02 04:22:52 UTC,QLD,Premium,15,8093961;8093964;8093965;8093972;8095962;8095963;8100339;8100341;8100342;8100393;8101205;8101776;8101984;8104527;8104528;8104529;8104895;8105778;8106970;8107227;8108096;8108404;8108406;8108407;8108421;8108422;8108453;8108454;8110125
2026-09-02 04:22:52 UTC,SA,Dynamic,3,8103295;8104046;8104048;8104052;8104053;8104054;8106518;8106519;8106520;8107479;8107480;8107481;8107485;8107525;8107538;8107539;8107544;8107656;8107657;8107658;8110503;8110505;8110506
2026-09-02 04:22:52 UTC,SA,Premium,20,8103295;8104046;8104048;8104052;8104053;8104054;8106518;8106519;8106520;8107479;8107480;8107481;8107485;8107525;8107538;8107539;8107544;8107656;8107657;8107658;8110503;8110505;8110506
2026-09-02 04:22:52 UTC,TAS,Dynamic,2,8071277;8085151;8085153;8085154;8086607;8086614;8086617;8086618;8086635;8088128;8091549;8094846;8108897
2026-09-02 04:22:52 UTC,TAS,Premium,11,8071277;8085151;8085153;8085154;8086607;8086614;8086617;8086618;8086635;8088128;8091549;8094846;8108897
2026-09-02 04:22:52 UTC,VIC,Dynamic,19,8086391;8086549;8086550;8086552;8086559;8086561;8086563;8086567;8088020;8088032;8088080;8088102;8088786;8089056;8089190;8089191;8089192;8089193;8090033;8090037;8090039;8090040;8090661;8090662;8095112;8095910;8096069;8096070;8096072;8096119;8102592;8107925;8108218;8108788;8108789;8108790;8108894;8108895;8108917;8108925;8108926;8108928;8108929;8108936;8108937;8111405;8111406;8111407;8111423;8111424;8111661
2026-09-02 04:22:52 UTC,VIC,Premium,32,8086391;8086549;8086550;8086552;8086559;8086561;8086563;8086567;8088020;8088032;8088080;8088102;8088786;8089056;8089190;8089191;8089192;8089193;8090033;8090037;8090039;8090040;8090661;8090662;8095112;8095910;8096069;8096070;8096072;8096119;8102592;8107925;8108218;8108788;8108789;8108790;8108894;8108895;8108917;8108925;8108926;8108928;8108929;8108936;8108937;8111405;8111406;8111407;8111423;8111424;8111661
2026-09-02 04:22:52 UTC,WA,Premium,10,8103758;8103763;8103769;8103832;8103834;8103838;8105160;8105162;8105167;8111615
2026-09-02 04:32:57 UTC,ACT,Premium,6,8104497;8104498;8104500;8106202;8106257;8106259
2026-09-02 04:32:57 UTC,NSW,Dynamic,5,8104475;8104476;8104477;8106264;8106271;8106272;8111326;8111327;8111328;8111329;8111330
2026-09-02 04:32:57 UTC,NSW,Premium,6,8104475;8104476;8104477;8106264;8106271;8106272;8111326;8111327;8111328;8111329;8111330
2026-09-02 04:32:57 UTC,NT,Premium,1,8097746
2026-09-02 04:32:57 UTC,QLD,Dynamic,14,8093961;8093964;8093965;8093972;8095962;8095963;8100339;8100341;8100342;8100393;8101205;8101776;8101984;8104527;8104528;8104529;8104895;8105778;8106970;8107227;8108096;8108404;8108406;8108407;8108421;8108422;8108453;8108454;8110125
2026-09-02 04:32:57 UTC,QLD,Premium,15,8093961;8093964;8093965;8093972;8095962;8095963;8100339;8100341;8100342;8100393;8101205;8101776;8101984;8104527;8104528;8104529;8104895;8105778;8106970;8107227;8108096;8108404;8108406;8108407;8108421;8108422;8108453;8108454;8110125
2026-09-02 04:32:57 UTC,SA,Dynamic,3,8103295;8104046;8104048;8104052;8104053;8104054;8106518;8106519;8106520;8107479;8107480;8107481;8107485;8107525;8107538;8107539;8107544;8107656;8107657;8107658;8110503;8110505;8110506
2026-09-02 04:32:57 UTC,SA,Premium,20,8103295;8104046;8104048;8104052;8104053;8104054;8106518;8106519;8106520;8107479;8107480;8107481;8107485;8107525;8107538;8107539;8107544;8107656;8107657;8107658;8110503;8110505;8110506
2026-09-02 04:32:57 UTC,TAS,Dynamic,2,8071277;8085151;8085153;8085154;8086607;8086614;8086617;8086618;8086635;8088128;8091549;8094846;8108897
2026-09-02 04:32:57 UTC,TAS,Premium,11,8071277;8085151;8085153;8085154;8086607;8086614;8086617;8086618;8086635;8088128;8091549;8094846;8108897
2026-09-02 04:32:57 UTC,VIC,Dynamic,19,8086391;8086549;8086550;8086552;8086559;8086561;8086563;8086567;8088020;8088032;8088080;8088102;8088786;8089056;8089190;8089191;8089192;8089193;8090033;8090037;8090039;8090040;8090661;8090662;8095112;8095910;8096069;8096070;8096072;8096119;8102592;8107925;8108218;8108788;8108789;8108790;8108894;8108895;8108917;8108925;8108926;8108928;8108929;8108936;8108937;8111405;8111406;8111407;8111423;8111424;8111661
2026-09-02 04:32:57 UTC,VIC,Premium,32,8086391;8086549;8086550;8086552;8086559;8086561;8086563;8086567;8088020;8088032;8088080;8088102;8088786;8089056;8089190;8089191;8089192;8089193;8090033;8090037;8090039;8090040;8090661;8090662;8095112;8095910;8096069;8096070;8096072;8096119;8102592;8107925;8108218;8108788;8108789;8108790;8108894;8108895;8108917;8108925;8108926;8108928;8108929;8108936;8108937;8111405;8111406;8111407;8111423;8111424;8111661
2026-09-02 04:32:57 UTC,WA,Premium,10,8103758;8103763;8103769;8103832;8103834;8103838;8105160;8105162;8105167;8111615
2026-09-02 04:43:00 UTC,ACT,Premium,6,8104497;8104498;8104500;8106202;8106257;8106259
2026-09-02 04:43:00 UTC,NSW,Dynamic,5,8104475;8104476;8104477;8106264;8106271;8106272;8111326;8111327;8111328;8111329;8111330
2026-09-02 04:43:00 UTC,NSW,Premium,6,8104475;8104476;8104477;8106264;8106271;8106272;8111326;8111327;8111328;8111329;8111330
2026-09-02 04:43:00 UTC,NT,Premium,1,8097746
2026-09-02 04:43:00 UTC,QLD,Dynamic,14,8093961;8093964;8093965;8093972;8095962;8095963;8100339;8100341;8100342;8100393;8101205;8101776;8101984;8104527;8104528;8104529;8104895;8105778;8106970;8107227;8108096;8108404;8108406;8108407;8108421;8108422;8108453;8108454;8110125
2026-09-02 04:43:00 UTC,QLD,Premium,15,8093961;8093964;8093965;8093972;8095962;8095963;8100339;8100341;8100342;8100393;8101205;8101776;8101984;8104527;8104528;8104529;8104895;8105778;8106970;8107227;8108096;8108404;8108406;8108407;8108421;8108422;8108453;8108454;8110125
2026-09-02 04:43:00 UTC,SA,Dynamic,3,8103295;8104046;8104048;8104052;8104053;8104054;8106518;8106519;8106520;8107479;8107480;8107481;8107485;8107525;8107538;8107539;8107544;8107656;8107657;8107658;8110503;8110505;8110506
2026-09-02 04:43:00 UTC,SA,Premium,20,8103295;8104046;8104048;8104052;8104053;8104054;8106518;8106519;8106520;8107479;8107480;8107481;8107485;8107525;8107538;8107539;8107544;8107656;8107657;8107658;8110503;8110505;8110506
2026-09-02 04:43:00 UTC,TAS,Dynamic,2,8071277;8085151;8085153;8085154;8086607;8086614;8086617;8086618;8086635;8088128;8091549;8094846;8108897
2026-09-02 04:43:00 UTC,TAS,Premium,11,8071277;8085151;8085153;8085154;8086607;8086614;8086617;8086618;8086635;8088128;8091549;8094846;8108897
2026-09-02 04:43:00 UTC,VIC,Dynamic,19,8086549;8086550;8086552;8086561;8086563;8086567;8088020;8088032;8088080;8088089;8088102;8088786;8089056;8089191;8089193;8090033;8090037;8090038;8090039;8090040;8090655;8090661;8090662;8095112;8095910;8096069;8096070;8096072;8096119;8102592;8107925;8108218;8108788;8108789;8108790;8108894;8108895;8108917;8108925;8108926;8108928;8108929;8108936;8108937;8111405;8111406;8111407;8111423;8111424;8111661
2026-09-02 04:43:00 UTC,VIC,Premium,31,8086549;8086550;8086552;8086561;8086563;8086567;8088020;8088032;8088080;8088089;8088102;8088786;8089056;8089191;8089193;8090033;8090037;8090038;8090039;8090040;8090655;8090661;8090662;8095112;8095910;8096069;8096070;8096072;8096119;8102592;8107925;8108218;8108788;8108789;8108790;8108894;8108895;8108917;8108925;8108926;8108928;8108929;8108936;8108937;8111405;8111406;8111407;8111423;8111424;8111661
2026-09-02 04:43:00 UTC,WA,Premium,9,8103758;8103763;8103769;8103832;8103834;8103838;8105160;8105162;8105167
2026-09-02 04:53:05 UTC,ACT,Premium,6,8104497;8104498;8104500;8106202;8106257;8106259
2026-09-02 04:53:05 UTC,NSW,Dynamic,5,8104475;8104476;8104477;8106264;8106271;8106272;8111326;8111327;8111328;8111329;8111330
2026-09-02 04:53:05 UTC,NSW,Premium,6,8104475;8104476;8104477;8106264;8106271;8106272;8111326;8111327;8111328;8111329;8111330
2026-09-02 04:53:05 UTC,NT,Premium,1,8097746
2026-09-02 04:53:05 UTC,QLD,Dynamic,14,8093961;8093964;8093965;8093972;8095962;8095963;8097925;8100339;8100341;8100342;8100393;8100547;8101184;8101185;8101205;8101776;8101984;8104527;8104528;8104529;8104895;8105778;8106970;8107227;8108096;8108404;8108406;8108407;8108421;8108422;8108453;8108454;8110125
2026-09-02 04:53:05 UTC,QLD,Premium,19,8093961;8093964;8093965;8093972;8095962;8095963;8097925;8100339;8100341;8100342;8100393;8100547;8101184;8101185;8101205;8101776;8101984;8104527;8104528;8104529;8104895;8105778;8106970;8107227;8108096;8108404;8108406;8108407;8108421;8108422;8108453;8108454;8110125
2026-09-02 04:53:05 UTC,SA,Dynamic,3,8103295;8104046;8104048;8104052;8104053;8104054;8106518;8106519;8106520;8107479;8107480;8107481;8107485;8107525;8107538;8107539;8107544;8107656;8107657;8107658;8110503;8110505;8110506
2026-09-02 04:53:05 UTC,SA,Premium,20,8103295;8104046;8104048;8104052;8104053;8104054;8106518;8106519;8106520;8107479;8107480;8107481;8107485;8107525;8107538;8107539;8107544;8107656;8107657;8107658;8110503;8110505;8110506
2026-09-02 04:53:05 UTC,TAS,Dynamic,2,8071277;8085151;8085153;8085154;8086607;8086614;8086617;8086618;8086635;8088128;8091549;8094846;8108897
2026-09-02 04:53:05 UTC,TAS,Premium,11,8071277;8085151;8085153;8085154;8086607;8086614;8086617;8086618;8086635;8088128;8091549;8094846;8108897
2026-09-02 04:53:05 UTC,VIC,Dynamic,19,8086549;8086550;8086552;8086561;8086563;8086567;8088020;8088032;8088080;8088089;8088102;8088786;8089056;8089191;8089193;8090033;8090037;8090038;8090039;8090040;8090655;8090661;8090662;8095112;8095910;8096069;8096070;8096072;8096119;8102592;8107925;8108788;8108789;8108790;8108894;8108895;8108917;8108925;8108926;8108928;8108929;8108936;8108937;8111405;8111406;8111407;8111423;8111424;8111661
2026-09-02 04:53:05 UTC,VIC,Premium,30,8086549;8086550;8086552;8086561;8086563;8086567;8088020;8088032;8088080;8088089;8088102;8088786;8089056;8089191;8089193;8090033;8090037;8090038;8090039;8090040;8090655;8090661;8090662;8095112;8095910;8096069;8096070;8096072;8096119;8102592;8107925;8108788;8108789;8108790;8108894;8108895;8108917;8108925;8108926;8108928;8108929;8108936;8108937;8111405;8111406;8111407;8111423;8111424;8111661
2026-09-02 04:53:05 UTC,WA,Premium,9,8103758;8103763;8103769;8103832;8103834;8103838;8105160;8105162;8105167
2026-09-02 06:07:47 UTC,ACT,Atto 1,Essential,Black Grey,17,8047155;8081951;8081958;8081963;8081965;8086650;8087372;8087373;8087375;8087546;8087547;8087548;8091585;8095762;8100062;8100645;8103157
2026-09-02 06:07:47 UTC,ACT,Atto 1,Premium,Apricity White,3,8106181;8106182;8106184
2026-09-02 06:07:47 UTC,ACT,Atto 1,Premium,Black Grey,5,8104121;8104379;8106253;8109175;8109176
2026-09-02 06:07:47 UTC,ACT,Atto 2,Premium,Black,6,8104497;8104498;8104500;8106202;8106257;8106259
2026-09-02 06:07:47 UTC,ACT,Dolphin,Essential,Atlantis Grey,3,8104164;8108976;8108982
2026-09-02 06:07:47 UTC,ACT,Dolphin,Essential,Grey Black,1,8108978
2026-09-02 06:07:47 UTC,ACT,Dolphin,Essential,Harbour Grey,2,8108971;8108972
2026-09-02 06:07:47 UTC,ACT,Dolphin,Premium,Grey Black,2,8102874;8108994
2026-09-02 06:07:47 UTC,ACT,Dolphin,Premium,Harbour Grey,3,8106720;8109142;8109143
2026-09-02 06:07:47 UTC,ACT,Seal,Performance,Atlantis Grey,2,8103936;8103937
2026-09-02 06:07:47 UTC,ACT,Seal,Performance,Aurora White,3,8102213;8102968;8103411
2026-09-02 06:07:47 UTC,ACT,Seal,Performance,Shark Grey,2,8104263;8104265
2026-09-02 06:07:47 UTC,ACT,Seal,Premium,Atlantis Grey,3,8103926;8108356;8108357
2026-09-02 06:07:47 UTC,ACT,Sealion 5,Essential,Atlantis Grey,2,8104097;8109616
2026-09-02 06:07:47 UTC,ACT,Sealion 5,Essential,Aurora White,1,8104108
2026-09-02 06:07:47 UTC,ACT,Sealion 5,Essential,Black,3,8104098;8104102;8104103
2026-09-02 06:07:47 UTC,ACT,Sealion 5,Essential,Harbour Grey,3,8104469;8104470;8104471
2026-09-02 06:07:47 UTC,ACT,Sealion 6,Dynamic Extended,Black,8,8097338;8100631;8100633;8100634;8101573;8104189;8104190;8104192
2026-09-02 06:07:47 UTC,ACT,Sealion 6,Essential,Black Brown,7,8049056;8091608;8091609;8091610;8104137;8104142;8104144
2026-09-02 06:07:47 UTC,ACT,Sealion 6,Essential,Harbour Grey,1,8104130
2026-09-02 06:07:47 UTC,ACT,Sealion 6,Essential,Stone Grey,4,8092846;8104147;8104148;8104149
2026-09-02 06:07:47 UTC,ACT,Sealion 6,Premium Extended,Black,3,8104416;8104417;8104419
2026-09-02 06:07:47 UTC,ACT,Sealion 6,Premium Extended,Harbour Grey,5,8097623;8099330;8109011;8109013;8109014
2026-09-02 06:07:47 UTC,ACT,Sealion 6,Premium Extended,Stone Grey,4,8108986;8108987;8108988;8109002
2026-09-02 06:07:47 UTC,ACT,Sealion 7,Performance,Atlantis Grey,3,8109189;8109190;8109191
2026-09-02 06:07:47 UTC,ACT,Sealion 7,Performance,Thaumas Black,3,8103536;8103537;8103538
2026-09-02 06:07:47 UTC,ACT,Sealion 7,Premium,Thaumas Black,1,8111187
2026-09-02 06:07:47 UTC,ACT,Sealion 8,Dynamic AWD,Aurora White,3,8087407;8087408;8087410
2026-09-02 06:07:47 UTC,ACT,Sealion 8,Dynamic AWD,Black,8,8082005;8082006;8082120;8082132;8082133;8082144;8082145;8082147
2026-09-02 06:07:47 UTC,ACT,Sealion 8,Dynamic AWD,Dark Aquamarine,1,8082146
2026-09-02 06:07:47 UTC,ACT,Sealion 8,Dynamic AWD,Ridge Grey,7,8082075;8082076;8082105;8082106;8082141;8087416;8087417
2026-09-02 06:07:47 UTC,ACT,Sealion 8,Dynamic FWD,Aurora White,2,8096183;8102965
2026-09-02 06:07:47 UTC,ACT,Sealion 8,Dynamic FWD,Black,2,8082171;8108271
2026-09-02 06:07:47 UTC,ACT,Sealion 8,Dynamic FWD,Ridge Grey,5,8077120;8077121;8078425;8082154;8082174
2026-09-02 06:07:47 UTC,ACT,Sealion 8,Premium AWD,Black,2,8105496;8106703
2026-09-02 06:07:47 UTC,ACT,Sealion 8,Premium AWD,Ridge Grey,2,8104241;8109619
2026-09-02 06:07:47 UTC,ACT,Shark 6,Dynamic Cab Chassis,Great White,3,8086637;8096843;8096844
2026-09-02 06:07:47 UTC,ACT,Shark 6,Dynamic Cab Chassis,Thaumas Black,3,8080185;8089904;8090715
2026-09-02 06:07:47 UTC,ACT,Shark 6,Premium,Deep Sea Blue,2,8110974;8110987
2026-09-02 06:07:47 UTC,NSW,Atto 1,Essential,Apricity White,4,8073917;8111293;8111294;8111295
2026-09-02 06:07:47 UTC,NSW,Atto 1,Essential,Black Grey,10,8075145;8083933;8086640;8087362;8087368;8087369;8087370;8090731;8092044;8096230
2026-09-02 06:07:47 UTC,NSW,Atto 1,Premium,Apricity White,3,8106166;8106167;8106169
2026-09-02 06:07:47 UTC,NSW,Atto 1,Premium,Black Grey,9,8070597;8105641;8106250;8106252;8109027;8109151;8109159;8111363;8111364
2026-09-02 06:07:47 UTC,NSW,Atto 2,Dynamic,Harbour Grey,5,8111326;8111327;8111328;8111329;8111330
2026-09-02 06:07:47 UTC,NSW,Atto 2,Premium,Black,6,8104475;8104476;8104477;8106264;8106271;8106272
2026-09-02 06:07:47 UTC,NSW,Atto 3,Essential,Black,1,8110398
2026-09-02 06:07:47 UTC,NSW,Atto 3,Essential,Harbour Grey,1,8102639
2026-09-02 06:07:47 UTC,NSW,Atto 3,Premium,Harbour Grey,1,8080364
2026-09-02 06:07:47 UTC,NSW,Dolphin,Essential,Atlantis Grey,2,8110365;8111710
2026-09-02 06:07:47 UTC,NSW,Dolphin,Essential,Grey Black,1,8111305
2026-09-02 06:07:47 UTC,NSW,Dolphin,Essential,Harbour Grey,3,8108968;8108969;8108970
2026-09-02 06:07:47 UTC,NSW,Dolphin,Premium,Atlantis Grey,3,8111348;8111349;8111350
2026-09-02 06:07:47 UTC,NSW,Dolphin,Premium,Grey Black,2,8111331;8111332
2026-09-02 06:07:47 UTC,NSW,Seal,Performance,Atlantis Grey,4,8103927;8103929;8103930;8103932
2026-09-02 06:07:47 UTC,NSW,Seal,Performance,Aurora White,4,8088881;8090726;8091584;8098911
2026-09-02 06:07:47 UTC,NSW,Seal,Performance,Shark Grey,1,8072369
2026-09-02 06:07:47 UTC,NSW,Seal,Premium,Atlantis Grey,3,8103914;8103918;8103920
2026-09-02 06:07:47 UTC,NSW,Seal,Premium,Aurora White,3,8110034;8110036;8110037
2026-09-02 06:07:47 UTC,NSW,Seal,Premium,Thaumas Black,2,8110057;8110060
2026-09-02 06:07:47 UTC,NSW,Seal 6,Essential,Black,1,8088137
2026-09-02 06:07:47 UTC,NSW,Seal 6 Touring,Premium,Black,1,8083525
2026-09-02 06:07:47 UTC,NSW,Sealion 5,Essential,Atlantis Grey,4,8102814;8102817;8104095;8104096
2026-09-02 06:07:47 UTC,NSW,Sealion 5,Essential,Aurora White,5,8104107;8111297;8111298;8111299;8111300
2026-09-02 06:07:47 UTC,NSW,Sealion 5,Essential,Harbour Grey,1,8111354
2026-09-02 06:07:47 UTC,NSW,Sealion 6,Dynamic Extended,Black,3,8104201;8104203;8104204
2026-09-02 06:07:47 UTC,NSW,Sealion 6,Essential,Black Brown,12,8043884;8069569;8082060;8090946;8090947;8090948;8092840;8092841;8092842;8104132;8104133;8104134
2026-09-02 06:07:47 UTC,NSW,Sealion 6,Essential,Harbour Grey,3,8104125;8111301;8111302
2026-09-02 06:07:47 UTC,NSW,Sealion 6,Essential,Stone Grey,3,8104140;8104141;8104145
2026-09-02 06:07:47 UTC,NSW,Sealion 6,Premium Extended,Black,5,8104412;8104413;8104414;8111347;8111355
2026-09-02 06:07:47 UTC,NSW,Sealion 6,Premium Extended,Harbour Grey,3,8109017;8109018;8109019
2026-09-02 06:07:47 UTC,NSW,Sealion 6,Premium Extended,Stone Grey,4,8089817;8108983;8108985;8109005
2026-09-02 06:07:47 UTC,NSW,Sealion 7,Performance,Atlantis Grey,3,8109180;8109181;8109182
2026-09-02 06:07:47 UTC,NSW,Sealion 7,Performance,Thaumas Black,3,8103175;8103176;8103177
2026-09-02 06:07:47 UTC,NSW,Sealion 7,Premium,Atlantis Grey,5,8111007;8111010;8111011;8111040;8111715
2026-09-02 06:07:47 UTC,NSW,Sealion 7,Premium,Aurora White,5,8111105;8111106;8111108;8111717;8111718
2026-09-02 06:07:47 UTC,NSW,Sealion 7,Premium,Thaumas Black,9,8111013;8111014;8111016;8111141;8111143;8111145;8111150;8111162;8111163
2026-09-02 06:07:47 UTC,NSW,Sealion 8,Dynamic AWD,Aurora White,4,8080243;8087469;8087470;8087471
2026-09-02 06:07:47 UTC,NSW,Sealion 8,Dynamic AWD,Black,5,8082128;8111320;8111322;8111323;8111324
2026-09-02 06:07:47 UTC,NSW,Sealion 8,Dynamic AWD,Ridge Grey,5,8082074;8082077;8082107;8087440;8098937
2026-09-02 06:07:47 UTC,NSW,Sealion 8,Dynamic FWD,Aurora White,4,8082162;8111288;8111289;8111290
2026-09-02 06:07:47 UTC,NSW,Sealion 8,Dynamic FWD,Black,4,8068425;8111306;8111307;8111308
2026-09-02 06:07:47 UTC,NSW,Sealion 8,Dynamic FWD,Ridge Grey,6,8068434;8070851;8076932;8076939;8080258;8082153
2026-09-02 06:07:47 UTC,NSW,Sealion 8,Premium AWD,Aurora White,3,8111309;8111310;8111318
2026-09-02 06:07:47 UTC,NSW,Sealion 8,Premium AWD,Black,7,8111312;8111313;8111314;8111316;8111340;8111341;8111714
2026-09-02 06:07:47 UTC,NSW,Sealion 8,Premium AWD,Ridge Grey,3,8111317;8111343;8111344
2026-09-02 06:07:47 UTC,NSW,Shark 6,Dynamic Cab Chassis,Great White,5,8075068;8080218;8080219;8080222;8080223
2026-09-02 06:07:47 UTC,NSW,Shark 6,Performance,Outback Orange,2,8111365;8111366
2026-09-02 06:07:47 UTC,NSW,Shark 6,Premium,Deep Sea Blue,6,8109115;8110962;8110986;8110988;8110998;8110999
2026-09-02 06:07:47 UTC,NT,Atto 1,Essential,Black Grey,1,8093540
2026-09-02 06:07:47 UTC,NT,Atto 2,Premium,Harbour Grey,1,8097746
2026-09-02 06:07:47 UTC,NT,Atto 3,Premium,Black,2,8062795;8068550
2026-09-02 06:07:47 UTC,NT,Atto 3,Premium,Harbour Grey,1,8066401
2026-09-02 06:07:47 UTC,NT,Dolphin,Premium,Harbour Grey,2,8064373;8064381
2026-09-02 06:07:47 UTC,NT,Seal,Dynamic,Aurora White,1,8065490
2026-09-02 06:07:47 UTC,NT,Sealion 5,Essential,Harbour Grey,1,8068533
2026-09-02 06:07:47 UTC,NT,Sealion 5,Premium,Atlantis Grey,1,8084179
2026-09-02 06:07:47 UTC,NT,Sealion 5,Premium,Aurora White,2,8083867;8095935
2026-09-02 06:07:47 UTC,NT,Sealion 7,Premium,Atlantis Grey,1,8091665
2026-09-02 06:07:47 UTC,NT,Sealion 7,Premium,Aurora White,1,8071837
2026-09-02 06:07:47 UTC,NT,Sealion 8,Dynamic AWD,Black,1,8066841
2026-09-02 06:07:47 UTC,NT,Sealion 8,Dynamic AWD,Ridge Grey,1,8066842
2026-09-02 06:07:47 UTC,NT,Sealion 8,Dynamic FWD,Aurora White,1,8065503
2026-09-02 06:07:47 UTC,NT,Sealion 8,Dynamic FWD,Ridge Grey,1,8066834
2026-09-02 06:07:47 UTC,QLD,Atto 1,Essential,Apricity White,10,8073379;8075748;8077357;8077358;8077597;8077601;8078799;8101981;8101982;8106547
2026-09-02 06:07:47 UTC,QLD,Atto 1,Essential,Black Grey,18,8080778;8080779;8080784;8080785;8080803;8080804;8080889;8084675;8088388;8088479;8088480;8088481;8088482;8089968;8091297;8092138;8097915;8099858
2026-09-02 06:07:47 UTC,QLD,Atto 1,Premium,Apricity White,3,8100526;8105697;8105698
2026-09-02 06:07:47 UTC,QLD,Atto 1,Premium,Black Grey,10,8100302;8101182;8105733;8105736;8105737;8111431;8111432;8111437;8111438;8111440
2026-09-02 06:07:47 UTC,QLD,Atto 2,Dynamic,Black,8,8100339;8100341;8100342;8101205;8101776;8101984;8107227;8110125
2026-09-02 06:07:47 UTC,QLD,Atto 2,Dynamic,Harbour Grey,6,8104527;8104528;8104529;8108404;8108421;8108422
2026-09-02 06:07:47 UTC,QLD,Atto 2,Premium,Black,12,8093961;8093964;8093965;8093972;8095962;8095963;8097925;8104895;8106970;8108096;8108406;8108407
2026-09-02 06:07:47 UTC,QLD,Atto 2,Premium,Harbour Grey,7,8100393;8100547;8101184;8101185;8105778;8108453;8108454
2026-09-02 06:07:47 UTC,QLD,Atto 3,Essential,Blue Grey,1,8104557
2026-09-02 06:07:47 UTC,QLD,Atto 3,Essential MY25,Harbour Grey,2,8108160;8108161
2026-09-02 06:07:47 UTC,QLD,Atto 3,Premium,Harbour Grey,1,8083883
2026-09-02 06:07:47 UTC,QLD,Dolphin,Essential,Atlantis Grey,3,8108743;8108744;8111454
2026-09-02 06:07:47 UTC,QLD,Dolphin,Essential,Grey Black,3,8100173;8100174;8100183
2026-09-02 06:07:47 UTC,QLD,Dolphin,Essential,Harbour Grey,6,8100153;8100155;8100156;8100157;8100160;8100175
2026-09-02 06:07:47 UTC,QLD,Dolphin,Premium,Atlantis Grey,6,8103384;8103686;8103687;8103688;8103695;8110149
2026-09-02 06:07:47 UTC,QLD,Dolphin,Premium,Grey Black,6,8095371;8095413;8096025;8096026;8097159;8111637
2026-09-02 06:07:47 UTC,QLD,Dolphin,Premium,Harbour Grey,3,8097166;8097168;8104819
2026-09-02 06:07:47 UTC,QLD,Seal,Performance,Aurora White,3,8080886;8100362;8100363
2026-09-02 06:07:47 UTC,QLD,Seal,Premium,Aurora White,3,8111442;8111443;8111460
2026-09-02 06:07:47 UTC,QLD,Seal,Premium,Shark Grey,2,8111467;8111652
2026-09-02 06:07:47 UTC,QLD,Seal 6 Touring,Premium,Atlantis Grey,1,8100318
2026-09-02 06:07:47 UTC,QLD,Seal 6 Touring,Premium,Black,5,8100316;8100334;8100335;8105743;8105747
2026-09-02 06:07:47 UTC,QLD,Sealion 5,Essential,Atlantis Grey,4,8088445;8105841;8111456;8111457
2026-09-02 06:07:47 UTC,QLD,Sealion 5,Essential,Aurora White,3,8096760;8100099;8106917
2026-09-02 06:07:47 UTC,QLD,Sealion 5,Essential,Black,3,8100143;8105666;8106920
2026-09-02 06:07:47 UTC,QLD,Sealion 5,Essential,Harbour Grey,4,8104814;8104967;8105839;8105840
2026-09-02 06:07:47 UTC,QLD,Sealion 5,Premium,Harbour Grey,3,8111433;8111434;8111435
2026-09-02 06:07:47 UTC,QLD,Sealion 6,Dynamic Extended,Black,5,8090558;8100543;8106933;8110126;8110127
2026-09-02 06:07:47 UTC,QLD,Sealion 6,Essential,Black Brown,8,8099862;8101983;8104739;8104763;8104764;8104769;8105750;8105756
2026-09-02 06:07:47 UTC,QLD,Sealion 6,Essential,Harbour Grey,4,8104734;8104735;8104736;8104737
2026-09-02 06:07:47 UTC,QLD,Sealion 6,Essential,Stone Grey,3,8048266;8048267;8105658
2026-09-02 06:07:47 UTC,QLD,Sealion 6,Premium Extended,Black,11,8078764;8078783;8078904;8080863;8104840;8105827;8105829;8108546;8108547;8108549;8110086
2026-09-02 06:07:47 UTC,QLD,Sealion 6,Premium Extended,Harbour Grey,4,8108533;8108536;8108537;8108538
2026-09-02 06:07:47 UTC,QLD,Sealion 6,Premium Extended,Stone Grey,3,8108431;8108433;8108435
2026-09-02 06:07:47 UTC,QLD,Sealion 7,Performance,Atlantis Grey,3,8107240;8107252;8107253
2026-09-02 06:07:47 UTC,QLD,Sealion 7,Performance,Aurora White,4,8110587;8110589;8110590;8110604
2026-09-02 06:07:47 UTC,QLD,Sealion 7,Performance,Thaumas Black,8,8104781;8105764;8105766;8105768;8107249;8107250;8110152;8111647
2026-09-02 06:07:47 UTC,QLD,Sealion 7,Premium,Atlantis Grey,7,8105929;8108589;8108592;8108594;8110136;8111640;8111641
2026-09-02 06:07:47 UTC,QLD,Sealion 7,Premium,Aurora White,6,8110132;8110559;8110560;8110561;8111632;8111633
2026-09-02 06:07:47 UTC,QLD,Sealion 7,Premium,Thaumas Black,14,8105887;8108732;8108735;8108737;8110139;8110140;8110572;8110574;8110575;8111642;8111644;8111646;8112533;8112534
2026-09-02 06:07:47 UTC,QLD,Sealion 8,Dynamic AWD,Aurora White,4,8078743;8110147;8111449;8111450
2026-09-02 06:07:47 UTC,QLD,Sealion 8,Dynamic AWD,Black,8,8072199;8077640;8088417;8100111;8100128;8105672;8105673;8105693
2026-09-02 06:07:47 UTC,QLD,Sealion 8,Dynamic AWD,Ridge Grey,5,8070729;8070730;8075677;8105664;8106916
2026-09-02 06:07:47 UTC,QLD,Sealion 8,Dynamic FWD,Aurora White,12,8055403;8055405;8055416;8059245;8060436;8063209;8091952;8099871;8102000;8102001;8102003;8102008
2026-09-02 06:07:47 UTC,QLD,Sealion 8,Dynamic FWD,Black,19,8055439;8055441;8055445;8068712;8070695;8071904;8077377;8077378;8096762;8103003;8104786;8104787;8104788;8104790;8105674;8105786;8106918;8107836;8111631
2026-09-02 06:07:47 UTC,QLD,Sealion 8,Dynamic FWD,Ridge Grey,5,8070694;8075422;8078063;8078064;8103016
2026-09-02 06:07:47 UTC,QLD,Sealion 8,Premium AWD,Aurora White,6,8075679;8078739;8105681;8105682;8105683;8105723
2026-09-02 06:07:47 UTC,QLD,Sealion 8,Premium AWD,Black,6,8104745;8104755;8105709;8105711;8105713;8106546
2026-09-02 06:07:47 UTC,QLD,Sealion 8,Premium AWD,Ridge Grey,4,8111444;8111446;8111447;8111645
2026-09-02 06:07:47 UTC,QLD,Shark 6,Dynamic Cab Chassis,Deep Sea Blue,1,8091903
2026-09-02 06:07:47 UTC,QLD,Shark 6,Dynamic Cab Chassis,Great White,9,8077308;8077643;8077644;8077645;8078709;8091901;8091902;8093068;8094944
2026-09-02 06:07:47 UTC,QLD,Shark 6,Dynamic Cab Chassis,Outback Orange,1,8084061
2026-09-02 06:07:47 UTC,QLD,Shark 6,Dynamic Cab Chassis,Thaumas Black,5,8074990;8077309;8077314;8077315;8087627
2026-09-02 06:07:47 UTC,QLD,Shark 6,Performance,Deep Sea Blue,4,8104803;8105873;8105875;8105900
2026-09-02 06:07:47 UTC,QLD,Shark 6,Premium,Deep Sea Blue,3,8084608;8110613;8110616
2026-09-02 06:07:47 UTC,SA,Atto 1,Essential,Apricity White,3,8101645;8103296;8110472
2026-09-02 06:07:47 UTC,SA,Atto 1,Essential,Black Grey,4,8110456;8110457;8110470;8110471
2026-09-02 06:07:47 UTC,SA,Atto 1,Premium,Apricity White,5,8091421;8107667;8107669;8107671;8107672
2026-09-02 06:07:47 UTC,SA,Atto 1,Premium,Black Grey,8,8103297;8103599;8107555;8107557;8107558;8107559;8107675;8107677
2026-09-02 06:07:47 UTC,SA,Atto 2,Dynamic,Black,3,8107656;8107657;8107658
2026-09-02 06:07:47 UTC,SA,Atto 2,Premium,Black,16,8103295;8104046;8104048;8104052;8104053;8104054;8106518;8106519;8106520;8107479;8107480;8107481;8107485;8110503;8110505;8110506
2026-09-02 06:07:47 UTC,SA,Atto 2,Premium,Harbour Grey,4,8107525;8107538;8107539;8107544
2026-09-02 06:07:47 UTC,SA,Atto 3,Essential,Blue Grey,1,8101609
2026-09-02 06:07:47 UTC,SA,Dolphin,Essential,Atlantis Grey,4,8107519;8107520;8107524;8110522
2026-09-02 06:07:47 UTC,SA,Dolphin,Essential,Grey Black,2,8110524;8110525
2026-09-02 06:07:47 UTC,SA,Dolphin,Essential,Harbour Grey,3,8107517;8107518;8110519
2026-09-02 06:07:47 UTC,SA,Seal,Performance,Atlantis Grey,3,8110103;8111523;8111526
2026-09-02 06:07:47 UTC,SA,Seal,Performance,Aurora White,4,8084873;8084894;8084895;8111524
2026-09-02 06:07:47 UTC,SA,Seal,Performance,Shark Grey,2,8103621;8111525
2026-09-02 06:07:47 UTC,SA,Seal,Performance,Thaumas Black,3,8103619;8103622;8111529
2026-09-02 06:07:47 UTC,SA,Seal,Premium,Aurora White,3,8109524;8110532;8110533
2026-09-02 06:07:47 UTC,SA,Seal,Premium,Shark Grey,1,8110528
2026-09-02 06:07:47 UTC,SA,Seal,Premium,Thaumas Black,3,8107476;8110526;8110527
2026-09-02 06:07:47 UTC,SA,Seal 6,Essential,Black,5,8101955;8102563;8111495;8111496;8111498
2026-09-02 06:07:47 UTC,SA,Seal 6 Touring,Premium,Atlantis Grey,5,8094901;8104030;8104031;8104032;8107478
2026-09-02 06:07:47 UTC,SA,Seal 6 Touring,Premium,Black,10,8094066;8094913;8095940;8095941;8103950;8103952;8103953;8107449;8107450;8110450
2026-09-02 06:07:47 UTC,SA,Sealion 5,Essential,Atlantis Grey,4,8096731;8096732;8096733;8111488
2026-09-02 06:07:47 UTC,SA,Sealion 5,Essential,Aurora White,2,8111489;8111490
2026-09-02 06:07:47 UTC,SA,Sealion 5,Essential,Black,3,8096725;8096726;8096728
2026-09-02 06:07:47 UTC,SA,Sealion 5,Essential,Harbour Grey,3,8111484;8111485;8111486
2026-09-02 06:07:47 UTC,SA,Sealion 5,Premium,Atlantis Grey,3,8103977;8104004;8104006
2026-09-02 06:07:47 UTC,SA,Sealion 5,Premium,Aurora White,1,8101959
2026-09-02 06:07:47 UTC,SA,Sealion 5,Premium,Black,1,8109800
2026-09-02 06:07:47 UTC,SA,Sealion 5,Premium,Harbour Grey,5,8103996;8103997;8103998;8103999;8111493
2026-09-02 06:07:47 UTC,SA,Sealion 6,Dynamic Extended,Black,6,8095930;8103989;8103992;8103993;8104000;8106483
2026-09-02 06:07:47 UTC,SA,Sealion 6,Essential,Black Brown,10,8091242;8095929;8103957;8103958;8103959;8103972;8103973;8106464;8106480;8106481
2026-09-02 06:07:47 UTC,SA,Sealion 6,Essential,Harbour Grey,3,8103956;8106463;8106482
2026-09-02 06:07:47 UTC,SA,Sealion 6,Premium Extended,Black,9,8103968;8103969;8103970;8103994;8106476;8106487;8106538;8107442;8107443
2026-09-02 06:07:47 UTC,SA,Sealion 6,Premium Extended,Harbour Grey,4,8103965;8106472;8106473;8106475
2026-09-02 06:07:47 UTC,SA,Sealion 6,Premium Extended,Stone Grey,6,8095933;8101604;8103962;8103963;8103964;8106468
2026-09-02 06:07:47 UTC,SA,Sealion 7,Performance,Atlantis Grey,4,8094911;8096734;8106459;8106460
2026-09-02 06:07:47 UTC,SA,Sealion 8,Dynamic AWD,Aurora White,3,8111475;8111476;8111481
2026-09-02 06:07:47 UTC,SA,Sealion 8,Dynamic AWD,Black,7,8111471;8111472;8111473;8111494;8111501;8111502;8111503
2026-09-02 06:07:47 UTC,SA,Sealion 8,Dynamic AWD,Ridge Grey,3,8111504;8111505;8111506
2026-09-02 06:07:47 UTC,SA,Sealion 8,Dynamic FWD,Aurora White,2,8111916;8111922
2026-09-02 06:07:47 UTC,SA,Shark 6,Dynamic Cab Chassis,Thaumas Black,3,8074921;8110448;8110449
2026-09-02 06:07:47 UTC,SA,Shark 6,Performance,Deep Sea Blue,3,8110490;8111514;8111515
2026-09-02 06:07:47 UTC,SA,Shark 6,Performance,Great White,3,8110480;8111511;8111512
2026-09-02 06:07:47 UTC,SA,Shark 6,Performance,Thaumas Black,2,8111517;8111518
2026-09-02 06:07:47 UTC,SA,Shark 6,Premium,Deep Sea Blue,3,8087672;8088659;8088660
2026-09-02 06:07:47 UTC,SA,Shark 6,Premium,Great White,4,8101644;8110460;8110461;8110462
2026-09-02 06:07:47 UTC,TAS,Atto 1,Essential,Apricity White,1,8095137
2026-09-02 06:07:47 UTC,TAS,Atto 1,Premium,Apricity White,5,8078417;8079440;8081023;8081025;8085679
2026-09-02 06:07:47 UTC,TAS,Atto 1,Premium,Black Grey,11,8076412;8076749;8076761;8078325;8078348;8078351;8078353;8079595;8084774;8106010;8107004
2026-09-02 06:07:47 UTC,TAS,Atto 2,Dynamic,Black,5,8071277;8088003;8096071;8096073;8096075
2026-09-02 06:07:47 UTC,TAS,Atto 2,Dynamic,Harbour Grey,3,8081171;8094846;8105532
2026-09-02 06:07:47 UTC,TAS,Atto 2,Premium,Black,13,8084948;8085039;8085093;8085146;8085151;8085818;8088045;8088055;8090034;8091522;8091544;8091549;8108897
2026-09-02 06:07:47 UTC,TAS,Atto 2,Premium,Harbour Grey,5,8085180;8085744;8086614;8086617;8105059
2026-09-02 06:07:47 UTC,TAS,Dolphin,Essential,Harbour Grey,1,8070192
2026-09-02 06:07:47 UTC,TAS,Seal,Performance,Atlantis Grey,1,8098395
2026-09-02 06:07:47 UTC,TAS,Seal,Performance,Aurora White,1,8075923
2026-09-02 06:07:47 UTC,TAS,Seal,Premium,Atlantis Grey,2,8107052;8107058
2026-09-02 06:07:47 UTC,TAS,Seal,Premium,Aurora White,4,8074780;8091869;8091871;8107021
2026-09-02 06:07:47 UTC,TAS,Seal,Premium,Shark Grey,1,8103046
2026-09-02 06:07:47 UTC,TAS,Seal 6 Touring,Premium,Black,2,8088756;8088811
2026-09-02 06:07:47 UTC,TAS,Sealion 5,Essential,Atlantis Grey,1,8080181
2026-09-02 06:07:47 UTC,TAS,Sealion 5,Essential,Aurora White,1,8080152
2026-09-02 06:07:47 UTC,TAS,Sealion 5,Premium,Aurora White,2,8062206;8077735
2026-09-02 06:07:47 UTC,TAS,Sealion 6,Dynamic Extended,Black,1,8079596
2026-09-02 06:07:47 UTC,TAS,Sealion 6,Dynamic Extended,Harbour Grey,1,8085713
2026-09-02 06:07:47 UTC,TAS,Sealion 6,Dynamic Extended,Stone Grey,3,8085681;8086577;8088110
2026-09-02 06:07:47 UTC,TAS,Sealion 6,Essential,Black Brown,2,8096067;8098347
2026-09-02 06:07:47 UTC,TAS,Sealion 6,Premium Extended,Black,4,8089468;8098396;8101102;8101866
2026-09-02 06:07:47 UTC,TAS,Sealion 6,Premium Extended,Harbour Grey,1,8078204
2026-09-02 06:07:47 UTC,TAS,Sealion 6,Premium Extended,Stone Grey,3,8077764;8077765;8077830
2026-09-02 06:07:47 UTC,TAS,Sealion 7,Performance,Atlantis Grey,1,8081059
2026-09-02 06:07:47 UTC,TAS,Sealion 7,Performance,Thaumas Black,3,8086154;8087979;8103091
2026-09-02 06:07:47 UTC,TAS,Sealion 7,Premium,Aurora White,6,8085380;8085640;8085937;8087896;8087919;8094327
2026-09-02 06:07:47 UTC,TAS,Sealion 7,Premium,Thaumas Black,4,8095902;8102044;8103102;8106062
2026-09-02 06:07:47 UTC,TAS,Sealion 8,Dynamic AWD,Aurora White,3,8057568;8057789;8079736
2026-09-02 06:07:47 UTC,TAS,Sealion 8,Dynamic AWD,Black,1,8072257
2026-09-02 06:07:47 UTC,TAS,Sealion 8,Dynamic AWD,Ridge Grey,2,8079340;8079769
2026-09-02 06:07:47 UTC,TAS,Sealion 8,Dynamic FWD,Aurora White,6,8054396;8069370;8070244;8074755;8075996;8077714
2026-09-02 06:07:47 UTC,TAS,Sealion 8,Dynamic FWD,Black,4,8054332;8080009;8080015;8080092
2026-09-02 06:07:47 UTC,TAS,Sealion 8,Dynamic FWD,Ridge Grey,3,8072250;8077701;8080029
2026-09-02 06:07:47 UTC,TAS,Sealion 8,Premium AWD,Aurora White,2,8080956;8101226
2026-09-02 06:07:47 UTC,TAS,Sealion 8,Premium AWD,Black,5,8076358;8078371;8080948;8091546;8099948
2026-09-02 06:07:47 UTC,TAS,Shark 6,Dynamic Cab Chassis,Great White,3,8075015;8075016;8077895
2026-09-02 06:07:47 UTC,TAS,Shark 6,Dynamic Cab Chassis,Outback Orange,1,8079309
2026-09-02 06:07:47 UTC,TAS,Shark 6,Dynamic Cab Chassis,Thaumas Black,2,8074987;8079670
2026-09-02 06:07:47 UTC,TAS,Shark 6,Performance,Great White,2,8090706;8091499
2026-09-02 06:07:47 UTC,VIC,Atto 1,Essential,Apricity White,12,8076153;8076456;8078336;8094348;8094349;8094350;8094351;8094352;8095138;8105959;8105960;8105962
2026-09-02 06:07:47 UTC,VIC,Atto 1,Essential,Black Grey,24,8084782;8090632;8091461;8091983;8093103;8096037;8096038;8098342;8102034;8105524;8108195;8108746;8108747;8108748;8108749;8108750;8108753;8108754;8108755;8108758;8108782;8108783;8108786;8108787
2026-09-02 06:07:47 UTC,VIC,Atto 1,Premium,Apricity White,12,8078413;8078416;8079430;8079431;8079432;8079433;8079434;8079439;8079441;8079443;8081010;8081012
2026-09-02 06:07:47 UTC,VIC,Atto 1,Premium,Black Grey,18,8064508;8076467;8078323;8078331;8078339;8078340;8078341;8078395;8078396;8078397;8078399;8079452;8079453;8110172;8110173;8111394;8111395;8111418
2026-09-02 06:07:47 UTC,VIC,Atto 2,Dynamic,Black,16,8088786;8096069;8096070;8096072;8096074;8102592;8108894;8108895;8108925;8108926;8108928;8108929;8108936;8108937;8111423;8111424
2026-09-02 06:07:47 UTC,VIC,Atto 2,Dynamic,Harbour Grey,4,8107925;8108788;8108789;8108790
2026-09-02 06:07:47 UTC,VIC,Atto 2,Premium,Black,30,8085113;8086549;8086550;8086561;8086563;8086567;8088020;8088032;8088080;8088089;8088102;8089056;8089191;8089193;8090033;8090037;8090038;8090039;8090040;8090655;8090661;8090662;8091388;8095112;8095910;8096119;8108917;8111405;8111406;8111407
2026-09-02 06:07:47 UTC,VIC,Atto 2,Premium,Harbour Grey,2,8089324;8111661
2026-09-02 06:07:47 UTC,VIC,Atto 3,Essential,Blue Grey,2,8111390;8111391
2026-09-02 06:07:47 UTC,VIC,Dolphin,Essential,Atlantis Grey,6,8072204;8108772;8108773;8108774;8108780;8108781
2026-09-02 06:07:47 UTC,VIC,Dolphin,Essential,Grey Black,4,8108776;8108777;8108778;8108779
2026-09-02 06:07:47 UTC,VIC,Dolphin,Essential,Harbour Grey,3,8070193;8070194;8070195
2026-09-02 06:07:47 UTC,VIC,Dolphin,Premium,Atlantis Grey,3,8111402;8111408;8111409
2026-09-02 06:07:47 UTC,VIC,Seal,Performance,Atlantis Grey,4,8108796;8108797;8108798;8108799
2026-09-02 06:07:47 UTC,VIC,Seal,Performance,Aurora White,3,8108801;8108802;8108803
2026-09-02 06:07:47 UTC,VIC,Seal,Performance,Shark Grey,4,8106685;8106687;8107070;8107071
2026-09-02 06:07:47 UTC,VIC,Seal,Premium,Atlantis Grey,1,8089406
2026-09-02 06:07:47 UTC,VIC,Seal,Premium,Aurora White,4,8105429;8108877;8108878;8108879
2026-09-02 06:07:47 UTC,VIC,Seal,Premium,Thaumas Black,3,8111421;8111422;8111427
2026-09-02 06:07:47 UTC,VIC,Seal 6 Touring,Premium,Black,1,8102599
2026-09-02 06:07:47 UTC,VIC,Sealion 5,Essential,Atlantis Grey,7,8063575;8063576;8063577;8080988;8080992;8081014;8081032
2026-09-02 06:07:47 UTC,VIC,Sealion 5,Essential,Aurora White,11,8070769;8079650;8079713;8079715;8079718;8079722;8079723;8091475;8105951;8105956;8105957
2026-09-02 06:07:47 UTC,VIC,Sealion 5,Essential,Black,3,8080976;8080977;8080979
2026-09-02 06:07:47 UTC,VIC,Sealion 5,Essential,Harbour Grey,5,8080999;8081005;8096826;8098344;8111414
2026-09-02 06:07:47 UTC,VIC,Sealion 5,Premium,Atlantis Grey,1,8085190
2026-09-02 06:07:47 UTC,VIC,Sealion 6,Dynamic Extended,Black,1,8108818
2026-09-02 06:07:47 UTC,VIC,Sealion 6,Essential,Black Brown,11,8095045;8095053;8095054;8095059;8096066;8101715;8102587;8111367;8111368;8111369;8111380
2026-09-02 06:07:47 UTC,VIC,Sealion 6,Essential,Harbour Grey,3,8111377;8111378;8111379
2026-09-02 06:07:47 UTC,VIC,Sealion 6,Essential,Stone Grey,5,8071262;8094813;8094815;8094816;8096040
2026-09-02 06:07:47 UTC,VIC,Sealion 6,Premium Extended,Black,10,8043853;8106000;8106001;8106003;8106005;8106006;8106019;8107439;8111397;8111398
2026-09-02 06:07:47 UTC,VIC,Sealion 6,Premium Extended,Harbour Grey,9,8105983;8105984;8105985;8105987;8105988;8105989;8105990;8108843;8108939
2026-09-02 06:07:47 UTC,VIC,Sealion 6,Premium Extended,Stone Grey,4,8108834;8108837;8108838;8108891
2026-09-02 06:07:47 UTC,VIC,Sealion 7,Performance,Atlantis Grey,3,8110184;8110189;8111415
2026-09-02 06:07:47 UTC,VIC,Sealion 7,Performance,Aurora White,4,8068937;8108826;8108828;8108829
2026-09-02 06:07:47 UTC,VIC,Sealion 7,Performance,Thaumas Black,11,8068868;8096831;8102037;8106666;8107045;8107050;8107053;8108762;8108764;8108765;8108768
2026-09-02 06:07:47 UTC,VIC,Sealion 7,Premium,Atlantis Grey,8,8046130;8106134;8110791;8110793;8110794;8110795;8110830;8110831
2026-09-02 06:07:47 UTC,VIC,Sealion 7,Premium,Aurora White,13,8085315;8085357;8085960;8086165;8101252;8108857;8108858;8108859;8109553;8110638;8110639;8110640;8110737
2026-09-02 06:07:47 UTC,VIC,Sealion 7,Premium,Thaumas Black,12,8094470;8107039;8110178;8110649;8110650;8110651;8110652;8110654;8110771;8110775;8110776;8110777
2026-09-02 06:07:47 UTC,VIC,Sealion 8,Dynamic AWD,Aurora White,13,8060946;8079775;8079814;8079816;8079817;8079818;8079825;8079903;8079905;8079913;8079948;8079949;8079950
2026-09-02 06:07:47 UTC,VIC,Sealion 8,Dynamic AWD,Black,8,8072264;8079781;8079927;8079940;8079971;8079973;8098366;8099950
2026-09-02 06:07:47 UTC,VIC,Sealion 8,Dynamic AWD,Ridge Grey,10,8079880;8079882;8079889;8079890;8079894;8079895;8079896;8079899;8079900;8092250
2026-09-02 06:07:47 UTC,VIC,Sealion 8,Dynamic FWD,Aurora White,13,8079992;8080043;8080047;8080049;8080050;8080097;8080102;8090680;8091509;8092234;8094302;8094304;8094305
2026-09-02 06:07:47 UTC,VIC,Sealion 8,Dynamic FWD,Black,3,8110168;8111375;8111654
2026-09-02 06:07:47 UTC,VIC,Sealion 8,Dynamic FWD,Ridge Grey,6,8080019;8080021;8080022;8080023;8080031;8080138
2026-09-02 06:07:47 UTC,VIC,Sealion 8,Premium AWD,Aurora White,2,8052496;8070805
2026-09-02 06:07:47 UTC,VIC,Sealion 8,Premium AWD,Black,8,8106996;8108207;8111382;8111383;8111384;8111385;8111657;8111658
2026-09-02 06:07:47 UTC,VIC,Sealion 8,Premium AWD,Ridge Grey,3,8111388;8111389;8111392
2026-09-02 06:07:47 UTC,VIC,Shark 6,Dynamic Cab Chassis,Deep Sea Blue,5,8079686;8079687;8079688;8079695;8079696
2026-09-02 06:07:47 UTC,VIC,Shark 6,Dynamic Cab Chassis,Great White,11,8075004;8075058;8075061;8076248;8076250;8076252;8076769;8076771;8076777;8078380;8090624
2026-09-02 06:07:47 UTC,VIC,Shark 6,Dynamic Cab Chassis,Outback Orange,5,8079303;8079306;8079307;8079701;8105360
2026-09-02 06:07:47 UTC,VIC,Shark 6,Dynamic Cab Chassis,Thaumas Black,11,8075037;8075761;8075774;8079297;8079298;8079299;8079308;8079310;8079313;8079314;8079677
2026-09-02 06:07:47 UTC,WA,Atto 1,Essential,Apricity White,6,8109358;8109361;8109431;8109432;8109433;8109500
2026-09-02 06:07:47 UTC,WA,Atto 1,Essential,Black Grey,14,8095176;8106693;8107117;8111530;8111546;8111547;8111563;8111564;8111580;8111596;8111597;8111612;8111613;8111616
2026-09-02 06:07:47 UTC,WA,Atto 1,Premium,Apricity White,9,8083824;8084002;8084003;8084811;8093034;8093041;8093619;8093622;8093624
2026-09-02 06:07:47 UTC,WA,Atto 1,Premium,Black Grey,5,8083805;8091559;8093019;8093021;8093022
2026-09-02 06:07:47 UTC,WA,Atto 2,Premium,Harbour Grey,9,8103758;8103763;8103769;8103832;8103834;8103838;8105160;8105162;8105167
2026-09-02 06:07:47 UTC,WA,Atto 3,Essential,Blue Grey,2,8111697;8111701
2026-09-02 06:07:47 UTC,WA,Dolphin,Essential,Atlantis Grey,9,8093356;8093359;8093361;8109373;8109374;8109447;8109448;8109516;8109517
2026-09-02 06:07:47 UTC,WA,Dolphin,Essential,Grey Black,6,8109317;8109386;8109388;8109389;8109390;8109559
2026-09-02 06:07:47 UTC,WA,Dolphin,Essential,Harbour Grey,9,8093516;8093518;8093521;8096323;8096327;8096375;8096383;8096385;8097323
2026-09-02 06:07:47 UTC,WA,Dolphin,Premium,Grey Black,8,8093299;8093300;8093303;8093320;8109443;8109444;8109512;8109513
2026-09-02 06:07:47 UTC,WA,Dolphin,Premium,Harbour Grey,8,8092577;8092581;8109371;8109372;8109445;8109446;8109514;8109515
2026-09-02 06:07:47 UTC,WA,Seal,Performance,Atlantis Grey,3,8093284;8093287;8093289
2026-09-02 06:07:47 UTC,WA,Seal,Performance,Aurora White,9,8093496;8093497;8093498;8096346;8096347;8096349;8096350;8109368;8109440
2026-09-02 06:07:47 UTC,WA,Seal,Performance,Thaumas Black,3,8093458;8093460;8096352
2026-09-02 06:07:47 UTC,WA,Seal,Premium,Atlantis Grey,2,8111551;8111585
2026-09-02 06:07:47 UTC,WA,Seal,Premium,Aurora White,6,8093381;8093382;8093383;8093398;8093409;8093410
2026-09-02 06:07:47 UTC,WA,Seal,Premium,Shark Grey,2,8102159;8102161
2026-09-02 06:07:47 UTC,WA,Seal,Premium,Thaumas Black,7,8093455;8093468;8093470;8093473;8093488;8093490;8093495
2026-09-02 06:07:47 UTC,WA,Seal 6,Essential,Black,4,8092897;8094597;8095180;8095181
2026-09-02 06:07:47 UTC,WA,Seal 6 Touring,Premium,Black,16,8087820;8090160;8092573;8094580;8094599;8095175;8096164;8096165;8097317;8097318;8097325;8111542;8111543;8111576;8111577;8111599
2026-09-02 06:07:47 UTC,WA,Sealion 5,Essential,Atlantis Grey,5,8109310;8109382;8109454;8111606;8111607
2026-09-02 06:07:47 UTC,WA,Sealion 5,Essential,Aurora White,3,8109380;8109453;8111604
2026-09-02 06:07:47 UTC,WA,Sealion 5,Essential,Black,5,8111537;8111538;8111571;8111572;8111605
2026-09-02 06:07:47 UTC,WA,Sealion 5,Essential,Harbour Grey,4,8049826;8049827;8096301;8109381
2026-09-02 06:07:47 UTC,WA,Sealion 5,Premium,Black,4,8111539;8111540;8111574;8111696
2026-09-02 06:07:47 UTC,WA,Sealion 6,Dynamic Extended,Black,12,8109328;8109329;8109333;8109400;8109402;8109403;8109408;8109467;8109468;8111581;8111582;8111614
2026-09-02 06:07:47 UTC,WA,Sealion 6,Dynamic Extended,Stone Grey,4,8109407;8109472;8109473;8109563
2026-09-02 06:07:47 UTC,WA,Sealion 6,Essential,Black Brown,12,8098425;8098426;8099986;8101110;8101111;8101521;8101869;8102136;8104680;8104704;8104705;8104711
2026-09-02 06:07:47 UTC,WA,Sealion 6,Essential,Harbour Grey,2,8014724;8101106
2026-09-02 06:07:47 UTC,WA,Sealion 6,Premium Extended,Black,16,8103728;8104693;8104694;8104698;8104700;8104707;8104710;8107954;8109335;8109336;8109409;8109410;8109411;8109476;8109477;8109478
2026-09-02 06:07:47 UTC,WA,Sealion 6,Premium Extended,Harbour Grey,5,8104690;8104691;8104692;8109331;8109471
2026-09-02 06:07:47 UTC,WA,Sealion 6,Premium Extended,Stone Grey,5,8104662;8104682;8104683;8109404;8109470
2026-09-02 06:07:47 UTC,WA,Sealion 7,Performance,Atlantis Grey,3,8111541;8111575;8111608
2026-09-02 06:07:47 UTC,WA,Sealion 7,Premium,Atlantis Grey,6,8112540;8112541;8112542;8112647;8112649;8112650
2026-09-02 06:07:47 UTC,WA,Sealion 7,Premium,Aurora White,11,8110335;8112595;8112596;8112597;8112602;8112605;8112697;8112698;8112777;8112782;8112783
2026-09-02 06:07:47 UTC,WA,Sealion 7,Premium,Thaumas Black,6,8111702;8112614;8112615;8112617;8112737;8112804
2026-09-02 06:07:47 UTC,WA,Sealion 8,Dynamic AWD,Aurora White,4,8068099;8090853;8090858;8090860
2026-09-02 06:07:47 UTC,WA,Sealion 8,Dynamic AWD,Black,11,8090754;8090756;8090784;8090785;8090786;8090842;8111532;8111533;8111566;8111601;8111602
2026-09-02 06:07:47 UTC,WA,Sealion 8,Dynamic AWD,Ridge Grey,5,8111531;8111565;8111567;8111598;8111600
2026-09-02 06:07:47 UTC,WA,Sealion 8,Dynamic FWD,Aurora White,4,8090835;8111536;8111570;8111603
2026-09-02 06:07:47 UTC,WA,Sealion 8,Dynamic FWD,Black,4,8104599;8111535;8111568;8111569
2026-09-02 06:07:47 UTC,WA,Sealion 8,Premium AWD,Aurora White,2,8104640;8104695
2026-09-02 06:07:47 UTC,WA,Sealion 8,Premium AWD,Black,6,8052856;8104638;8104639;8104641;8111686;8112805
2026-09-02 06:07:47 UTC,WA,Sealion 8,Premium AWD,Ridge Grey,5,8111544;8111545;8111578;8111579;8111611
2026-09-02 06:07:47 UTC,WA,Shark 6,Dynamic Cab Chassis,Deep Sea Blue,2,8104588;8104589
2026-09-02 06:07:47 UTC,WA,Shark 6,Dynamic Cab Chassis,Great White,5,8057968;8057972;8057978;8057986;8077216
2026-09-02 06:07:47 UTC,WA,Shark 6,Dynamic Cab Chassis,Outback Orange,3,8104590;8104591;8104592
2026-09-02 06:07:47 UTC,WA,Shark 6,Dynamic Cab Chassis,Thaumas Black,5,8057973;8057974;8057975;8057979;8057994
2026-09-02 06:07:47 UTC,WA,Shark 6,Performance,Deep Sea Blue,4,8092991;8092993;8092994;8101888
2026-09-02 06:07:47 UTC,WA,Shark 6,Performance,Outback Orange,9,8091577;8094601;8096180;8098447;8100008;8101524;8101891;8101897;8101903
2026-09-02 06:07:47 UTC,WA,Shark 6,Performance,Thaumas Black,1,8094574
2026-09-02 06:07:47 UTC,WA,Shark 6,Premium,Deep Sea Blue,15,8109494;8110856;8110857;8110898;8110905;8110942;8110943;8110944;8112567;8112572;8112573;8112579;8112676;8112677;8112686
2026-09-02 06:07:47 UTC,WA,Shark 6,Premium,Great White,15,8080569;8080573;8080574;8087759;8087764;8087765;8087766;8088831;8088866;8088869;8112566;8112569;8112570;8112571;8112752
2026-09-02 06:07:47 UTC,WA,Shark 6,Premium,Outback Orange,12,8110912;8110913;8110945;8110953;8110954;8111687;8112560;8112561;8112562;8112671;8112765;8112767
2026-09-02 06:07:47 UTC,WA,Shark 6,Premium,Thaumas Black,21,8080568;8087752;8088864;8109423;8109425;8109493;8110868;8110871;8110872;8110873;8110915;8110916;8110921;8110950;8110951;8110955;8110956;8112580;8112582;8112692;8112775
